Timestamp,Field1,Field2,Field3,Field4,Field5,Field6,Field7,Field8
2024-07-03 11:35:31 UTC,1693,28,79,4,0,26
2024-07-03 11:35:26 UTC,1692,28,78,4,0,26
2024-07-03 11:35:00 UTC,1691,29,78,4,0,26
2024-07-03 11:34:39 UTC,1690,29,77,4,0,26
2024-07-03 11:34:34 UTC,1689,29,76,4,,26
2024-07-03 11:29:18 UTC,1688,28,80,4,0,26
2024-07-03 11:27:54 UTC,1687,28,79,4,0,26
2024-07-03 11:27:49 UTC,1686,28,78,4,0,26
2024-07-03 11:27:23 UTC,1685,29,78,4,0,26
2024-07-03 11:27:02 UTC,1684,29,77,4,0,26
2024-07-03 11:26:57 UTC,1683,29,79,4,0,26
2024-07-03 11:26:52 UTC,1682,30,84,4,0,26
2024-07-03 11:26:50 UTC,1681,30,83,4,0,26
2024-07-03 11:23:56 UTC,1680,28,80,4,0,26
2024-07-03 11:23:09 UTC,1679,28,80,5,0,26
2024-07-03 11:18:06 UTC,1678,28,80,4,0,26
2024-07-03 11:17:03 UTC,1677,28,79,4,0,26
2024-07-03 11:16:48 UTC,1676,28,78,4,0,26
2024-07-03 11:16:37 UTC,1675,28,79,5,,26
2024-07-03 10:57:56 UTC,1674,28,80,4,0,26
2024-07-03 10:57:46 UTC,1673,28,81,4,0,26
2024-07-03 10:57:25 UTC,1672,28,80,4,0,26
2024-07-03 10:57:04 UTC,1671,28,81,4,0,26
2024-07-03 10:53:26 UTC,1670,28,80,4,0,26
2024-07-03 10:51:41 UTC,1669,28,79,4,0,26
2024-07-03 10:51:10 UTC,1668,28,78,4,0,26
2024-07-03 10:50:55 UTC,1667,29,77,4,0,26
2024-07-03 10:50:44 UTC,1666,29,76,4,0,26
2024-07-03 10:50:39 UTC,1665,29,75,4,0,26
2024-07-03 10:50:34 UTC,1664,30,76,5,0,26
2024-07-03 10:50:29 UTC,1663,31,79,5,0,26
2024-07-03 10:49:23 UTC,1662,28,79,4,0,26
2024-07-03 10:49:18 UTC,1661,28,80,4,0,26
2024-07-03 10:48:46 UTC,1660,28,79,4,0,26
2024-07-03 10:48:36 UTC,1659,28,80,4,0,26
2024-07-03 10:48:31 UTC,1658,28,80,4,86,26
2024-07-03 10:48:26 UTC,1657,28,80,5,66,26
2024-07-03 10:48:20 UTC,1656,28,80,5,44,26
2024-07-03 10:48:15 UTC,1655,28,80,5,0,26
2024-07-03 10:48:10 UTC,1654,28,80,4,96,26
2024-07-03 10:48:05 UTC,1653,28,80,4,91,26
2024-07-03 10:48:00 UTC,1652,28,80,4,90,26
2024-07-03 10:47:54 UTC,1651,28,80,4,93,26
2024-07-03 10:47:49 UTC,1650,28,80,4,96,26
2024-07-03 10:47:44 UTC,1649,28,80,4,95,26
2024-07-03 10:47:39 UTC,1648,28,80,4,99,26
2024-07-03 10:47:34 UTC,1647,28,79,4,95,26
2024-07-03 10:47:28 UTC,1646,28,80,4,93,26
2024-07-03 10:47:23 UTC,1645,28,79,4,90,26
2024-07-03 10:47:18 UTC,1644,28,79,4,86,26
2024-07-03 10:47:13 UTC,1643,28,79,4,88,26
2024-07-03 10:47:02 UTC,1642,28,79,4,89,26
2024-07-03 10:46:57 UTC,1641,28,79,4,90,26
2024-07-03 10:46:52 UTC,1640,28,79,4,92,26
2024-07-03 10:46:47 UTC,1639,28,79,5,2,26
2024-07-03 10:46:42 UTC,1638,28,79,5,13,26
2024-07-03 10:46:36 UTC,1637,28,79,5,21,26
2024-07-03 10:46:31 UTC,1636,28,79,5,32,26
2024-07-03 10:46:26 UTC,1635,28,79,5,42,26
2024-07-03 10:46:16 UTC,1634,28,79,5,45,26
2024-07-03 10:46:05 UTC,1633,28,79,5,48,26
2024-07-03 10:45:55 UTC,1632,28,79,5,51,26
2024-07-03 10:45:50 UTC,1631,28,79,5,46,26
2024-07-03 10:45:44 UTC,1630,28,79,5,38,26
2024-07-03 10:45:39 UTC,1629,28,79,5,31,26
2024-07-03 10:45:34 UTC,1628,28,79,5,23,26
2024-07-03 10:45:29 UTC,1627,28,79,5,13,26
2024-07-03 10:45:24 UTC,1626,28,78,5,2,26
2024-07-03 10:45:18 UTC,1625,28,78,4,89,26
2024-07-03 10:45:13 UTC,1624,28,78,4,85,26
2024-07-03 10:45:08 UTC,1623,28,78,4,80,26
2024-07-03 10:45:03 UTC,1622,28,78,4,69,26
2024-07-03 10:44:58 UTC,1621,28,78,4,55,26
2024-07-03 10:44:52 UTC,1620,28,78,4,32,26
2024-07-03 10:44:47 UTC,1619,29,78,4,9,26
2024-07-03 10:44:31 UTC,1618,29,77,4,0,26
2024-07-03 10:44:26 UTC,1617,29,78,4,0,26
2024-07-03 10:44:21 UTC,1616,30,81,4,0,26
2024-07-03 10:44:18 UTC,1615,29,81,4,0,26
2024-07-03 10:37:00 UTC,1614,28,80,4,0,26
2024-07-03 10:36:55 UTC,1613,28,80,4,3,26
2024-07-03 10:36:45 UTC,1612,28,80,4,0,26
2024-07-03 10:36:39 UTC,1611,28,80,4,1,26
2024-07-03 10:36:34 UTC,1610,28,80,4,8,26
2024-07-03 10:36:29 UTC,1609,28,80,4,18,26
2024-07-03 10:36:19 UTC,1608,28,80,4,22,26
2024-07-03 10:36:13 UTC,1607,28,80,4,21,26
2024-07-03 10:36:08 UTC,1606,28,80,4,25,26
2024-07-03 10:36:03 UTC,1605,28,80,4,26,26
2024-07-03 10:35:58 UTC,1604,28,80,4,32,26
2024-07-03 10:35:53 UTC,1603,28,80,4,38,26
2024-07-03 10:35:47 UTC,1602,28,80,4,42,26
2024-07-03 10:35:42 UTC,1601,28,80,4,44,26
2024-07-03 10:35:37 UTC,1600,28,80,4,51,26
2024-07-03 10:35:32 UTC,1599,28,80,4,56,26
2024-07-03 10:35:27 UTC,1598,28,80,4,58,26
2024-07-03 10:35:21 UTC,1597,28,80,4,60,26
2024-07-03 10:35:16 UTC,1596,28,80,4,64,26
2024-07-03 10:35:11 UTC,1595,28,80,4,66,26
2024-07-03 10:35:06 UTC,1594,28,80,4,67,26
2024-07-03 10:35:01 UTC,1593,28,80,4,73,26
2024-07-03 10:34:55 UTC,1592,28,80,4,77,26
2024-07-03 10:34:50 UTC,1591,28,80,4,83,26
2024-07-03 10:34:45 UTC,1590,28,80,4,87,26
2024-07-03 10:34:40 UTC,1589,28,80,5,5,26
2024-07-03 10:34:35 UTC,1588,28,80,5,38,26
2024-07-03 10:34:29 UTC,1587,28,80,10,1,26
2024-07-03 10:34:24 UTC,1586,28,81,9,96,26
2024-07-03 10:34:19 UTC,1585,28,81,9,68,26
2024-07-03 10:34:14 UTC,1584,27,81,8,36,26
2024-07-03 10:33:37 UTC,1583,28,81,4,0,26
2024-07-03 10:33:32 UTC,1582,27,81,4,0,26
2024-07-03 10:33:27 UTC,1581,28,81,4,0,26
2024-07-03 10:26:52 UTC,1580,27,81,4,0,26
2024-07-03 10:26:05 UTC,1579,27,80,4,0,26
2024-07-03 10:23:49 UTC,1578,28,80,4,0,26
2024-07-03 10:22:26 UTC,1577,28,79,4,0,26
2024-07-03 10:22:16 UTC,1576,28,78,4,0,26
2024-07-03 10:22:10 UTC,1575,28,78,4,3,26
2024-07-03 10:22:05 UTC,1574,28,78,4,38,26
2024-07-03 10:22:00 UTC,1573,29,80,4,,26
2024-07-03 10:21:44 UTC,1572,28,80,8,97,26
2024-07-03 10:21:39 UTC,1571,28,80,8,86,26
2024-07-03 10:21:33 UTC,1570,28,80,8,77,26
2024-07-03 10:21:28 UTC,1569,28,80,7,88,26
2024-07-03 10:21:23 UTC,1568,28,81,5,40,26
2024-07-03 10:21:18 UTC,1567,28,80,5,27,26
2024-07-03 10:21:07 UTC,1566,28,80,5,25,26
2024-07-03 10:21:02 UTC,1565,27,80,5,27,26
2024-07-03 10:20:57 UTC,1564,27,80,5,29,26
2024-07-03 10:20:52 UTC,1563,27,80,5,32,26
2024-07-03 10:20:47 UTC,1562,27,80,5,33,26
2024-07-03 10:20:41 UTC,1561,27,80,5,35,26
2024-07-03 10:20:36 UTC,1560,27,80,5,40,26
2024-07-03 10:20:31 UTC,1559,27,80,5,46,26
2024-07-03 10:20:26 UTC,1558,27,80,5,49,26
2024-07-03 10:20:21 UTC,1557,27,80,5,54,26
2024-07-03 10:20:15 UTC,1556,27,80,5,56,26
2024-07-03 10:20:10 UTC,1555,28,80,5,59,26
2024-07-03 10:20:05 UTC,1554,27,80,5,61,26
2024-07-03 10:20:00 UTC,1553,27,80,5,70,26
2024-07-03 10:19:55 UTC,1552,28,80,5,73,26
2024-07-03 10:19:49 UTC,1551,28,80,5,74,26
2024-07-03 10:19:44 UTC,1550,27,80,5,78,26
2024-07-03 10:19:39 UTC,1549,27,80,5,84,26
2024-07-03 10:19:34 UTC,1548,28,80,5,89,26
2024-07-03 10:19:29 UTC,1547,28,80,5,90,26
2024-07-03 10:19:23 UTC,1546,28,80,5,88,26
2024-07-03 10:19:18 UTC,1545,27,80,5,89,26
2024-07-03 10:19:13 UTC,1544,28,80,5,88,26
2024-07-03 10:19:08 UTC,1543,28,80,5,86,26
2024-07-03 10:19:03 UTC,1542,27,80,5,86,26
2024-07-03 10:18:57 UTC,1541,28,80,5,86,26
2024-07-03 10:18:52 UTC,1540,28,80,5,87,26
2024-07-03 10:18:47 UTC,1539,27,80,5,87,26
2024-07-03 10:18:42 UTC,1538,28,80,5,83,26
2024-07-03 10:18:37 UTC,1537,28,80,5,78,26
2024-07-03 10:18:31 UTC,1536,28,80,5,74,26
2024-07-03 10:18:26 UTC,1535,28,80,5,69,26
2024-07-03 10:18:21 UTC,1534,28,80,5,61,26
2024-07-03 10:18:16 UTC,1533,28,80,5,56,26
2024-07-03 10:18:10 UTC,1532,28,80,5,52,26
2024-07-03 10:18:05 UTC,1531,28,80,5,46,26
2024-07-03 10:18:00 UTC,1530,28,80,5,44,26
2024-07-03 10:17:55 UTC,1529,28,80,5,41,26
2024-07-03 10:17:45 UTC,1528,28,80,5,38,26
2024-07-03 10:17:39 UTC,1527,27,80,5,36,26
2024-07-03 10:17:29 UTC,1526,28,80,5,36,26
2024-07-03 10:17:24 UTC,1525,28,80,5,34,26
2024-07-03 10:17:18 UTC,1524,28,80,5,32,26
2024-07-03 10:17:13 UTC,1523,27,80,5,32,26
2024-07-03 10:17:08 UTC,1522,28,80,5,35,26
2024-07-03 10:16:58 UTC,1521,28,80,5,39,26
2024-07-03 10:16:52 UTC,1520,28,80,5,38,26
2024-07-03 10:16:42 UTC,1519,28,80,5,39,26
2024-07-03 10:16:37 UTC,1518,28,80,5,37,26
2024-07-03 10:16:32 UTC,1517,28,80,5,38,26
2024-07-03 10:16:26 UTC,1516,28,80,5,36,26
2024-07-03 10:16:21 UTC,1515,28,80,5,38,26
2024-07-03 10:16:16 UTC,1514,28,80,5,43,26
2024-07-03 10:16:00 UTC,1513,28,80,5,41,26
2024-07-03 10:15:55 UTC,1512,28,80,5,40,26
2024-07-03 10:15:50 UTC,1511,28,80,5,36,26
2024-07-03 10:15:45 UTC,1510,28,80,5,35,26
2024-07-03 10:15:40 UTC,1509,28,80,5,32,26
2024-07-03 10:15:34 UTC,1508,28,80,5,33,26
2024-07-03 10:15:29 UTC,1507,28,80,5,34,26
2024-07-03 10:15:19 UTC,1506,28,80,5,38,26
2024-07-03 10:15:14 UTC,1505,28,80,5,36,26
2024-07-03 10:15:08 UTC,1504,28,80,5,37,26
2024-07-03 10:15:03 UTC,1503,28,80,5,36,26
2024-07-03 10:14:58 UTC,1502,28,80,5,37,26
2024-07-03 10:14:53 UTC,1501,28,80,5,39,26
2024-07-03 10:14:42 UTC,1500,28,80,5,41,26
2024-07-03 10:14:37 UTC,1499,28,80,5,46,26
2024-07-03 10:14:32 UTC,1498,28,80,5,49,26
2024-07-03 10:14:27 UTC,1497,28,80,5,52,26
2024-07-03 10:14:22 UTC,1496,28,80,5,57,26
2024-07-03 10:14:16 UTC,1495,28,80,5,61,26
2024-07-03 10:14:11 UTC,1494,28,80,5,67,26
2024-07-03 10:14:01 UTC,1493,28,80,5,79,26
2024-07-03 10:13:56 UTC,1492,28,80,5,86,26
2024-07-03 10:13:50 UTC,1491,28,80,5,90,26
2024-07-03 10:13:45 UTC,1490,28,79,5,95,26
2024-07-03 10:13:40 UTC,1489,28,79,5,98,26
2024-07-03 10:13:35 UTC,1488,28,80,6,0,26
2024-07-03 10:13:30 UTC,1487,28,79,6,4,26
2024-07-03 10:13:24 UTC,1486,28,79,6,5,26
2024-07-03 10:13:19 UTC,1485,28,80,6,7,26
2024-07-03 10:13:14 UTC,1484,28,79,6,12,26
2024-07-03 10:13:09 UTC,1483,28,79,6,17,26
2024-07-03 10:13:03 UTC,1482,28,79,6,16,26
2024-07-03 10:12:58 UTC,1481,28,79,6,20,26
2024-07-03 10:12:53 UTC,1480,28,80,6,21,26
2024-07-03 10:12:48 UTC,1479,28,80,6,15,26
2024-07-03 10:12:43 UTC,1478,28,80,6,13,26
2024-07-03 10:12:37 UTC,1477,28,79,6,14,26
2024-07-03 10:12:32 UTC,1476,28,79,6,8,26
2024-07-03 10:12:27 UTC,1475,28,79,6,9,26
2024-07-03 10:12:22 UTC,1474,28,79,6,14,26
2024-07-03 10:12:17 UTC,1473,28,79,6,18,26
2024-07-03 10:12:11 UTC,1472,28,79,6,22,26
2024-07-03 10:12:06 UTC,1471,28,79,6,25,26
2024-07-03 10:12:01 UTC,1470,28,79,6,28,26
2024-07-03 10:11:56 UTC,1469,28,79,6,31,26
2024-07-03 10:11:51 UTC,1468,28,79,6,33,26
2024-07-03 10:11:45 UTC,1467,28,80,6,36,26
2024-07-03 10:11:40 UTC,1466,28,80,6,30,26
2024-07-03 10:11:30 UTC,1465,28,80,6,29,26
2024-07-03 10:11:25 UTC,1464,28,79,6,34,26
2024-07-03 10:11:19 UTC,1463,28,79,6,30,26
2024-07-03 10:11:09 UTC,1462,28,79,6,32,26
2024-07-03 10:10:59 UTC,1461,28,79,6,31,26
2024-07-03 10:10:53 UTC,1460,28,79,6,27,26
2024-07-03 10:10:48 UTC,1459,28,79,6,26,26
2024-07-03 10:10:43 UTC,1458,28,79,6,20,26
2024-07-03 10:10:38 UTC,1457,28,79,6,14,26
2024-07-03 10:10:33 UTC,1456,28,80,6,10,26
2024-07-03 10:10:27 UTC,1455,28,80,6,9,26
2024-07-03 10:10:22 UTC,1454,28,79,6,11,26
2024-07-03 10:10:12 UTC,1453,28,79,6,9,26
2024-07-03 10:10:07 UTC,1452,28,79,6,3,26
2024-07-03 10:10:01 UTC,1451,28,79,6,4,26
2024-07-03 10:09:56 UTC,1450,28,79,6,6,26
2024-07-03 10:09:51 UTC,1449,28,79,6,8,26
2024-07-03 10:09:46 UTC,1448,28,79,6,10,26
2024-07-03 10:09:41 UTC,1447,28,79,6,11,26
2024-07-03 10:09:35 UTC,1446,28,79,6,12,26
2024-07-03 10:09:30 UTC,1445,28,79,6,15,26
2024-07-03 10:09:25 UTC,1444,28,79,6,19,26
2024-07-03 10:09:20 UTC,1443,28,79,6,24,26
2024-07-03 10:09:15 UTC,1442,28,79,6,31,26
2024-07-03 10:09:09 UTC,1441,28,79,6,36,26
2024-07-03 10:09:04 UTC,1440,28,79,6,41,26
2024-07-03 10:08:59 UTC,1439,28,79,6,48,26
2024-07-03 10:08:54 UTC,1438,28,79,6,56,26
2024-07-03 10:08:49 UTC,1437,28,79,6,64,26
2024-07-03 10:08:43 UTC,1436,28,79,6,71,26
2024-07-03 10:08:38 UTC,1435,28,79,6,74,26
2024-07-03 10:08:33 UTC,1434,28,79,6,81,26
2024-07-03 10:08:28 UTC,1433,28,79,6,88,26
2024-07-03 10:08:22 UTC,1432,28,79,6,96,26
2024-07-03 10:08:17 UTC,1431,28,79,6,98,26
2024-07-03 10:08:12 UTC,1430,28,79,7,6,26
2024-07-03 10:08:07 UTC,1429,28,79,7,8,26
2024-07-03 10:08:02 UTC,1428,28,79,7,10,26
2024-07-03 10:07:56 UTC,1427,28,79,7,16,26
2024-07-03 10:07:51 UTC,1426,28,79,7,32,26
2024-07-03 10:07:46 UTC,1425,28,79,7,45,26
2024-07-03 10:07:41 UTC,1424,28,79,7,62,26
2024-07-03 10:07:36 UTC,1423,28,79,7,75,26
2024-07-03 10:07:30 UTC,1422,28,79,7,84,26
2024-07-03 10:07:20 UTC,1421,28,79,8,0,26
2024-07-03 10:07:15 UTC,1420,28,79,8,5,26
2024-07-03 10:07:10 UTC,1419,28,79,8,9,26
2024-07-03 10:07:04 UTC,1418,28,78,8,8,26
2024-07-03 10:06:59 UTC,1417,28,78,8,7,26
2024-07-03 10:06:54 UTC,1416,28,78,8,6,26
2024-07-03 10:06:49 UTC,1415,28,78,7,98,26
2024-07-03 10:06:44 UTC,1414,28,78,6,69,26
2024-07-03 10:06:38 UTC,1413,29,80,5,41,26
2024-07-03 10:06:33 UTC,1412,29,83,6,49,26
2024-07-03 09:45:25 UTC,1411,27,80,13,99,26
2024-07-03 09:45:19 UTC,1410,27,80,13,96,26
2024-07-03 09:45:14 UTC,1409,27,80,13,99,26
2024-07-03 09:45:09 UTC,1408,27,80,13,98,26
2024-07-03 09:45:04 UTC,1407,27,80,13,93,26
2024-07-03 09:44:59 UTC,1406,27,80,13,95,26
2024-07-03 09:44:53 UTC,1405,27,80,13,89,26
2024-07-03 09:44:43 UTC,1404,27,80,13,82,26
2024-07-03 09:44:38 UTC,1403,27,80,13,90,26
2024-07-03 09:44:33 UTC,1402,27,80,13,94,26
2024-07-03 09:44:27 UTC,1401,27,80,13,91,26
2024-07-03 09:44:22 UTC,1400,27,80,13,84,26
2024-07-03 09:44:12 UTC,1399,27,80,13,80,26
2024-07-03 09:44:07 UTC,1398,27,80,13,78,26
2024-07-03 09:44:01 UTC,1397,27,80,13,76,26
2024-07-03 09:43:56 UTC,1396,27,80,13,58,26
2024-07-03 09:43:51 UTC,1395,27,80,13,48,26
2024-07-03 09:43:46 UTC,1394,27,80,13,37,26
2024-07-03 09:43:40 UTC,1393,27,80,13,28,26
2024-07-03 09:43:35 UTC,1392,27,80,13,25,26
2024-07-03 09:43:30 UTC,1391,27,80,13,16,26
2024-07-03 09:43:25 UTC,1390,27,80,12,99,26
2024-07-03 09:43:20 UTC,1389,27,80,12,88,26
2024-07-03 09:43:15 UTC,1388,27,80,12,80,26
2024-07-03 09:43:09 UTC,1387,27,80,12,72,26
2024-07-03 09:43:04 UTC,1386,27,80,12,69,26
2024-07-03 09:42:59 UTC,1385,27,80,12,60,26
2024-07-03 09:42:54 UTC,1384,27,80,12,53,26
2024-07-03 09:42:48 UTC,1383,27,80,12,39,26
2024-07-03 09:42:43 UTC,1382,27,80,12,25,26
2024-07-03 09:42:38 UTC,1381,27,80,12,22,26
2024-07-03 09:42:33 UTC,1380,27,80,12,15,26
2024-07-03 09:42:28 UTC,1379,27,80,12,14,26
2024-07-03 09:42:17 UTC,1378,27,80,12,10,26
2024-07-03 09:42:12 UTC,1377,27,80,12,18,26
2024-07-03 09:42:07 UTC,1376,27,80,12,17,26
2024-07-03 09:42:02 UTC,1375,27,80,12,16,26
2024-07-03 09:41:56 UTC,1374,27,80,12,15,26
2024-07-03 09:41:51 UTC,1373,27,80,12,26,26
2024-07-03 09:41:46 UTC,1372,27,80,12,25,26
2024-07-03 09:41:41 UTC,1371,27,80,12,29,26
2024-07-03 09:41:36 UTC,1370,27,80,12,30,26
2024-07-03 09:41:30 UTC,1369,27,80,12,34,26
2024-07-03 09:41:25 UTC,1368,27,80,12,25,26
2024-07-03 09:41:20 UTC,1367,27,80,12,26,26
2024-07-03 09:41:15 UTC,1366,27,80,12,21,26
2024-07-03 09:41:10 UTC,1365,27,80,12,23,26
2024-07-03 09:41:04 UTC,1364,27,80,12,19,26
2024-07-03 09:40:59 UTC,1363,27,80,12,21,26
2024-07-03 09:40:54 UTC,1362,27,80,12,19,26
2024-07-03 09:40:49 UTC,1361,27,80,12,22,26
2024-07-03 09:40:44 UTC,1360,27,80,12,23,26
2024-07-03 09:40:38 UTC,1359,27,80,12,24,26
2024-07-03 09:40:33 UTC,1358,27,80,12,19,26
2024-07-03 09:40:28 UTC,1357,27,80,12,21,26
2024-07-03 09:40:23 UTC,1356,27,80,12,22,26
2024-07-03 09:40:17 UTC,1355,27,80,12,27,26
2024-07-03 09:40:12 UTC,1354,27,80,12,25,26
2024-07-03 09:40:07 UTC,1353,27,80,12,30,26
2024-07-03 09:39:57 UTC,1352,27,80,12,28,26
2024-07-03 09:39:51 UTC,1351,27,80,12,26,26
2024-07-03 09:39:46 UTC,1350,27,80,12,23,26
2024-07-03 09:39:41 UTC,1349,27,80,12,21,26
2024-07-03 09:39:31 UTC,1348,27,80,12,19,26
2024-07-03 09:39:10 UTC,1347,27,80,12,17,26
2024-07-03 09:39:05 UTC,1346,27,80,12,14,26
2024-07-03 09:38:59 UTC,1345,27,80,12,12,26
2024-07-03 09:38:54 UTC,1344,27,80,12,16,26
2024-07-03 09:38:49 UTC,1343,27,80,12,12,26
2024-07-03 09:38:44 UTC,1342,27,80,12,13,26
2024-07-03 09:38:39 UTC,1341,27,80,12,15,26
2024-07-03 09:38:33 UTC,1340,27,80,12,21,26
2024-07-03 09:38:28 UTC,1339,27,80,12,24,26
2024-07-03 09:38:23 UTC,1338,27,79,12,22,26
2024-07-03 09:38:13 UTC,1337,27,79,12,24,26
2024-07-03 09:38:02 UTC,1336,27,80,12,21,26
2024-07-03 09:37:57 UTC,1335,27,80,12,23,26
2024-07-03 09:37:52 UTC,1334,27,79,12,21,26
2024-07-03 09:37:47 UTC,1333,27,79,12,19,26
2024-07-03 09:37:41 UTC,1332,27,79,12,12,26
2024-07-03 09:37:31 UTC,1331,27,79,12,8,26
2024-07-03 09:37:26 UTC,1330,27,79,12,10,26
2024-07-03 09:37:21 UTC,1329,27,79,12,4,26
2024-07-03 09:37:15 UTC,1328,27,79,12,0,26
2024-07-03 09:37:10 UTC,1327,27,79,11,94,26
2024-07-03 09:37:05 UTC,1326,27,79,11,98,26
2024-07-03 09:36:55 UTC,1325,27,79,11,91,26
2024-07-03 09:36:49 UTC,1324,27,79,11,94,26
2024-07-03 09:36:44 UTC,1323,27,79,11,92,26
2024-07-03 09:36:39 UTC,1322,27,79,11,91,26
2024-07-03 09:36:34 UTC,1321,27,79,11,92,26
2024-07-03 09:36:28 UTC,1320,27,79,11,98,26
2024-07-03 09:36:22 UTC,1319,27,79,12,3,26
2024-07-03 09:36:17 UTC,1318,27,79,12,1,26
2024-07-03 09:36:12 UTC,1317,27,79,12,3,26
2024-07-03 09:36:07 UTC,1316,27,79,11,99,26
2024-07-03 09:36:02 UTC,1315,27,79,12,5,26
2024-07-03 09:35:56 UTC,1314,27,79,12,8,26
2024-07-03 09:35:51 UTC,1313,27,79,12,15,26
2024-07-03 09:35:46 UTC,1312,27,79,12,19,26
2024-07-03 09:35:41 UTC,1311,27,79,12,36,26
2024-07-03 09:35:36 UTC,1310,27,79,12,42,26
2024-07-03 09:35:30 UTC,1309,27,79,12,50,26
2024-07-03 09:35:25 UTC,1308,27,79,12,69,26
2024-07-03 09:35:20 UTC,1307,27,79,12,87,26
2024-07-03 09:35:15 UTC,1306,27,79,13,6,26
2024-07-03 09:35:10 UTC,1305,27,79,13,24,26
2024-07-03 09:35:04 UTC,1304,27,79,13,38,26
2024-07-03 09:34:59 UTC,1303,27,79,13,53,26
2024-07-03 09:34:54 UTC,1302,27,79,13,61,26
2024-07-03 09:34:49 UTC,1301,27,79,13,66,26
2024-07-03 09:34:43 UTC,1300,27,79,13,76,26
2024-07-03 09:34:38 UTC,1299,27,79,13,77,26
2024-07-03 09:34:33 UTC,1298,27,79,13,82,26
2024-07-03 09:34:28 UTC,1297,27,79,13,93,26
2024-07-03 09:34:23 UTC,1296,28,79,14,4,26
2024-07-03 09:34:17 UTC,1295,28,79,14,13,26
2024-07-03 09:34:07 UTC,1294,28,79,14,12,26
2024-07-03 09:34:02 UTC,1293,28,79,14,11,26
2024-07-03 09:33:57 UTC,1292,28,79,14,17,26
2024-07-03 09:33:51 UTC,1291,28,79,14,21,26
2024-07-03 09:33:46 UTC,1290,28,79,14,23,26
2024-07-03 09:33:41 UTC,1289,28,79,14,32,26
2024-07-03 09:33:36 UTC,1288,28,79,14,36,26
2024-07-03 09:33:31 UTC,1287,28,79,14,34,26
2024-07-03 09:33:25 UTC,1286,28,79,14,31,26
2024-07-03 09:33:15 UTC,1285,28,79,14,30,26
2024-07-03 09:33:10 UTC,1284,28,79,14,22,26
2024-07-03 09:33:05 UTC,1283,28,79,14,12,26
2024-07-03 09:32:59 UTC,1282,28,79,14,10,26
2024-07-03 09:32:54 UTC,1281,28,79,14,9,26
2024-07-03 09:32:49 UTC,1280,28,79,14,5,26
2024-07-03 09:32:44 UTC,1279,28,79,13,99,26
2024-07-03 09:32:39 UTC,1278,28,79,13,89,26
2024-07-03 09:32:33 UTC,1277,28,79,13,86,26
2024-07-03 09:32:28 UTC,1276,28,79,13,71,26
2024-07-03 09:32:23 UTC,1275,28,79,13,67,26
2024-07-03 09:32:18 UTC,1274,28,79,13,64,26
2024-07-03 09:32:13 UTC,1273,28,79,13,63,26
2024-07-03 09:32:07 UTC,1272,28,79,13,65,26
2024-07-03 09:32:02 UTC,1271,28,79,13,68,26
2024-07-03 09:31:57 UTC,1270,28,79,13,71,26
2024-07-03 09:31:52 UTC,1269,28,79,13,69,26
2024-07-03 09:31:47 UTC,1268,28,79,13,68,26
2024-07-03 09:31:41 UTC,1267,28,79,13,64,26
2024-07-03 09:31:36 UTC,1266,28,79,13,63,26
2024-07-03 09:31:31 UTC,1265,28,79,13,56,26
2024-07-03 09:31:26 UTC,1264,28,79,13,55,26
2024-07-03 09:31:21 UTC,1263,28,79,13,54,26
2024-07-03 09:31:15 UTC,1262,28,79,13,49,26
2024-07-03 09:31:10 UTC,1261,28,79,13,46,26
2024-07-03 09:31:05 UTC,1260,28,79,13,44,26
2024-07-03 09:31:00 UTC,1259,28,79,13,46,26
2024-07-03 09:30:55 UTC,1258,28,79,13,52,26
2024-07-03 09:30:49 UTC,1257,28,79,13,53,26
2024-07-03 09:30:44 UTC,1256,28,79,13,48,26
2024-07-03 09:30:39 UTC,1255,28,79,13,46,26
2024-07-03 09:30:34 UTC,1254,28,79,13,45,26
2024-07-03 09:30:28 UTC,1253,28,79,13,48,26
2024-07-03 09:30:23 UTC,1252,28,79,13,45,26
2024-07-03 09:30:18 UTC,1251,28,79,13,48,26
2024-07-03 09:30:13 UTC,1250,27,79,13,54,26
2024-07-03 09:30:08 UTC,1249,27,79,13,58,26
2024-07-03 09:30:02 UTC,1248,27,79,13,66,26
2024-07-03 09:29:57 UTC,1247,28,79,13,73,26
2024-07-03 09:29:52 UTC,1246,27,79,13,76,26
2024-07-03 09:29:47 UTC,1245,27,79,13,78,26
2024-07-03 09:29:42 UTC,1244,27,79,13,82,26
2024-07-03 09:29:36 UTC,1243,27,79,13,78,26
2024-07-03 09:29:31 UTC,1242,27,79,13,79,26
2024-07-03 09:29:26 UTC,1241,27,79,13,92,26
2024-07-03 09:29:16 UTC,1240,27,79,13,98,26
2024-07-03 09:29:05 UTC,1239,27,79,13,99,26
2024-07-03 09:29:00 UTC,1238,27,79,13,95,26
2024-07-03 09:28:55 UTC,1237,27,79,13,87,26
2024-07-03 09:28:50 UTC,1236,27,79,13,78,26
2024-07-03 09:28:44 UTC,1235,27,79,13,60,26
2024-07-03 09:28:39 UTC,1234,27,79,13,41,26
2024-07-03 09:28:34 UTC,1233,27,79,13,22,26
2024-07-03 09:28:29 UTC,1232,27,79,13,4,26
2024-07-03 09:28:24 UTC,1231,27,79,12,95,26
2024-07-03 09:28:18 UTC,1230,27,79,12,85,26
2024-07-03 09:28:13 UTC,1229,27,79,12,68,26
2024-07-03 09:28:08 UTC,1228,27,79,12,64,26
2024-07-03 09:28:03 UTC,1227,27,79,12,60,26
2024-07-03 09:27:58 UTC,1226,27,79,12,59,26
2024-07-03 09:27:47 UTC,1225,27,79,12,62,26
2024-07-03 09:27:42 UTC,1224,27,79,12,57,26
2024-07-03 09:27:37 UTC,1223,27,79,12,54,26
2024-07-03 09:27:32 UTC,1222,27,79,12,56,26
2024-07-03 09:27:26 UTC,1221,27,79,12,53,26
2024-07-03 09:27:21 UTC,1220,27,79,12,51,26
2024-07-03 09:27:16 UTC,1219,27,79,12,50,26
2024-07-03 09:27:11 UTC,1218,27,79,12,51,26
2024-07-03 09:27:05 UTC,1217,27,79,12,49,26
2024-07-03 09:27:00 UTC,1216,27,79,12,50,26
2024-07-03 09:26:55 UTC,1215,27,79,12,47,26
2024-07-03 09:26:50 UTC,1214,27,79,12,46,26
2024-07-03 09:26:45 UTC,1213,27,79,12,50,26
2024-07-03 09:26:39 UTC,1212,27,79,12,53,26
2024-07-03 09:26:34 UTC,1211,27,79,12,52,26
2024-07-03 09:26:19 UTC,1210,27,79,12,54,26
2024-07-03 09:26:13 UTC,1209,27,79,12,53,26
2024-07-03 09:26:08 UTC,1208,27,79,12,55,26
2024-07-03 09:26:03 UTC,1207,27,79,12,52,26
2024-07-03 09:25:58 UTC,1206,27,79,12,56,26
2024-07-03 09:25:53 UTC,1205,27,79,12,59,26
2024-07-03 09:25:47 UTC,1204,27,79,12,60,26
2024-07-03 09:25:42 UTC,1203,27,79,12,62,26
2024-07-03 09:25:32 UTC,1202,27,79,12,66,26
2024-07-03 09:25:16 UTC,1201,27,79,12,64,26
2024-07-03 09:25:11 UTC,1200,27,79,12,66,26
2024-07-03 09:25:06 UTC,1199,27,79,12,67,26
2024-07-03 09:25:01 UTC,1198,27,79,12,70,26
2024-07-03 09:24:55 UTC,1197,27,79,12,73,26
2024-07-03 09:24:50 UTC,1196,27,79,12,72,26
2024-07-03 09:24:45 UTC,1195,27,79,12,76,26
2024-07-03 09:24:35 UTC,1194,27,79,12,77,26
2024-07-03 09:24:29 UTC,1193,27,79,12,80,26
2024-07-03 09:24:24 UTC,1192,27,79,12,83,26
2024-07-03 09:24:19 UTC,1191,27,79,12,79,26
2024-07-03 09:24:14 UTC,1190,27,79,12,77,26
2024-07-03 09:24:08 UTC,1189,27,79,12,81,26
2024-07-03 09:24:03 UTC,1188,27,79,12,85,26
2024-07-03 09:23:53 UTC,1187,27,79,12,86,26
2024-07-03 09:23:48 UTC,1186,27,79,12,85,26
2024-07-03 09:23:42 UTC,1185,27,79,12,83,26
2024-07-03 09:23:37 UTC,1184,27,79,12,81,26
2024-07-03 09:23:32 UTC,1183,27,79,12,80,26
2024-07-03 09:23:27 UTC,1182,27,79,12,79,26
2024-07-03 09:23:22 UTC,1181,27,79,12,82,26
2024-07-03 09:23:16 UTC,1180,27,79,12,79,26
2024-07-03 09:23:11 UTC,1179,27,79,12,76,26
2024-07-03 09:23:06 UTC,1178,27,79,12,69,26
2024-07-03 09:23:01 UTC,1177,27,79,12,74,26
2024-07-03 09:22:56 UTC,1176,27,79,12,77,26
2024-07-03 09:22:50 UTC,1175,27,79,12,76,26
2024-07-03 09:22:45 UTC,1174,27,79,12,73,26
2024-07-03 09:22:40 UTC,1173,27,79,12,74,26
2024-07-03 09:22:35 UTC,1172,27,79,12,75,26
2024-07-03 09:22:30 UTC,1171,27,79,12,78,26
2024-07-03 09:22:24 UTC,1170,27,79,12,94,26
2024-07-03 09:22:19 UTC,1169,27,79,12,93,26
2024-07-03 09:22:14 UTC,1168,27,79,12,97,26
2024-07-03 09:22:09 UTC,1167,27,79,13,2,26
2024-07-03 09:22:04 UTC,1166,27,79,13,6,26
2024-07-03 09:21:58 UTC,1165,27,79,13,19,26
2024-07-03 09:21:53 UTC,1164,27,79,13,31,26
2024-07-03 09:21:48 UTC,1163,27,79,13,39,26
2024-07-03 09:21:43 UTC,1162,27,79,13,43,26
2024-07-03 09:21:38 UTC,1161,27,79,13,45,26
2024-07-03 09:21:32 UTC,1160,27,79,13,42,26
2024-07-03 09:21:27 UTC,1159,27,79,13,45,26
2024-07-03 09:21:22 UTC,1158,27,79,13,49,26
2024-07-03 09:21:17 UTC,1157,27,79,13,45,26
2024-07-03 09:21:06 UTC,1156,27,79,13,38,26
2024-07-03 09:21:01 UTC,1155,27,79,13,36,26
2024-07-03 09:20:56 UTC,1154,27,79,13,38,26
2024-07-03 09:20:51 UTC,1153,27,79,13,35,26
2024-07-03 09:20:40 UTC,1152,27,79,13,31,26
2024-07-03 09:20:35 UTC,1151,27,79,13,30,26
2024-07-03 09:20:30 UTC,1150,27,79,13,23,26
2024-07-03 09:20:25 UTC,1149,27,79,13,17,26
2024-07-03 09:20:19 UTC,1148,27,79,13,18,26
2024-07-03 09:20:14 UTC,1147,27,79,13,22,26
2024-07-03 09:20:09 UTC,1146,27,79,13,19,26
2024-07-03 09:20:04 UTC,1145,27,79,13,16,26
2024-07-03 09:19:59 UTC,1144,27,79,13,19,26
2024-07-03 09:19:53 UTC,1143,27,79,13,24,26
2024-07-03 09:19:48 UTC,1142,27,79,13,27,26
2024-07-03 09:19:43 UTC,1141,27,79,13,31,26
2024-07-03 09:19:38 UTC,1140,27,79,13,37,26
2024-07-03 09:19:33 UTC,1139,27,79,13,45,26
2024-07-03 09:19:27 UTC,1138,27,79,13,49,26
2024-07-03 09:19:22 UTC,1137,27,79,13,57,26
2024-07-03 09:19:17 UTC,1136,27,79,13,68,26
2024-07-03 09:19:12 UTC,1135,27,79,13,87,26
2024-07-03 09:19:07 UTC,1134,27,79,13,88,26
2024-07-03 09:19:01 UTC,1133,27,79,13,96,26
2024-07-03 09:18:56 UTC,1132,27,79,14,3,26
2024-07-03 09:18:51 UTC,1131,27,79,14,1,26
2024-07-03 09:18:46 UTC,1130,27,79,14,0,26
2024-07-03 09:18:35 UTC,1129,27,79,14,9,26
2024-07-03 09:18:30 UTC,1128,27,79,14,14,26
2024-07-03 09:18:25 UTC,1127,27,79,14,16,26
2024-07-03 09:18:20 UTC,1126,27,79,14,8,26
2024-07-03 09:18:15 UTC,1125,27,79,14,12,26
2024-07-03 09:17:59 UTC,1124,27,79,14,11,26
2024-07-03 09:17:54 UTC,1123,27,79,14,17,26
2024-07-03 09:17:49 UTC,1122,27,79,14,25,26
2024-07-03 09:17:43 UTC,1121,27,79,14,38,26
2024-07-03 09:17:38 UTC,1120,27,79,14,52,26
2024-07-03 09:17:33 UTC,1119,27,79,14,61,26
2024-07-03 09:17:28 UTC,1118,27,79,14,58,26
2024-07-03 09:17:22 UTC,1117,27,79,14,56,26
2024-07-03 09:17:17 UTC,1116,27,79,14,55,26
2024-07-03 09:17:12 UTC,1115,27,79,14,54,26
2024-07-03 09:17:07 UTC,1114,27,79,14,52,26
2024-07-03 09:17:02 UTC,1113,27,79,14,43,26
2024-07-03 09:16:56 UTC,1112,27,79,14,31,26
2024-07-03 09:16:51 UTC,1111,27,79,14,30,26
2024-07-03 09:16:46 UTC,1110,27,79,14,18,26
2024-07-03 09:16:41 UTC,1109,27,79,14,11,26
2024-07-03 09:16:36 UTC,1108,27,79,14,10,26
2024-07-03 09:16:30 UTC,1107,27,79,14,7,26
2024-07-03 09:16:25 UTC,1106,27,79,14,12,26
2024-07-03 09:16:20 UTC,1105,27,79,14,18,26
2024-07-03 09:16:15 UTC,1104,27,79,14,26,26
2024-07-03 09:16:10 UTC,1103,27,79,14,33,26
2024-07-03 09:15:59 UTC,1102,27,79,14,35,26
2024-07-03 09:15:54 UTC,1101,27,79,14,34,26
2024-07-03 09:15:49 UTC,1100,27,79,14,32,26
2024-07-03 09:15:44 UTC,1099,27,79,14,22,26
2024-07-03 09:15:38 UTC,1098,27,79,14,17,26
2024-07-03 09:15:33 UTC,1097,27,79,14,13,26
2024-07-03 09:15:28 UTC,1096,27,79,14,7,26
2024-07-03 09:15:23 UTC,1095,27,79,14,1,26
2024-07-03 09:15:18 UTC,1094,27,79,13,91,26
2024-07-03 09:15:12 UTC,1093,27,79,13,84,26
2024-07-03 09:15:07 UTC,1092,27,79,13,27,26
2024-07-03 09:15:02 UTC,1091,27,79,5,74,26
2024-07-03 09:14:57 UTC,1090,27,79,14,51,26
2024-07-03 09:14:51 UTC,1089,27,79,14,40,26
2024-07-03 09:14:45 UTC,1088,27,79,14,35,26
2024-07-03 09:14:40 UTC,1087,27,79,14,38,26
2024-07-03 09:14:35 UTC,1086,27,79,14,33,26
2024-07-03 09:14:30 UTC,1085,27,79,14,27,26
2024-07-03 09:14:25 UTC,1084,27,79,14,14,26
2024-07-03 09:14:19 UTC,1083,27,79,13,95,26
2024-07-03 09:14:14 UTC,1082,27,79,13,87,26
2024-07-03 09:14:04 UTC,1081,27,79,13,79,26
2024-07-03 09:13:59 UTC,1080,27,79,13,69,26
2024-07-03 09:13:53 UTC,1079,27,79,13,64,26
2024-07-03 09:13:48 UTC,1078,27,79,13,73,26
2024-07-03 09:13:38 UTC,1077,27,79,13,65,26
2024-07-03 09:13:33 UTC,1076,27,79,13,52,26
2024-07-03 09:13:27 UTC,1075,27,79,13,35,26
2024-07-03 09:13:22 UTC,1074,27,79,13,24,26
2024-07-03 09:13:17 UTC,1073,27,79,13,22,26
2024-07-03 09:13:12 UTC,1072,27,79,13,15,26
2024-07-03 09:13:07 UTC,1071,27,79,13,6,26
2024-07-03 09:13:01 UTC,1070,27,79,12,98,26
2024-07-03 09:12:56 UTC,1069,27,79,12,87,26
2024-07-03 09:12:51 UTC,1068,27,79,12,76,26
2024-07-03 09:12:46 UTC,1067,27,79,12,78,26
2024-07-03 09:12:41 UTC,1066,27,79,12,71,26
2024-07-03 09:12:35 UTC,1065,27,79,12,68,26
2024-07-03 09:12:30 UTC,1064,27,79,12,64,26
2024-07-03 09:12:25 UTC,1063,27,79,12,60,26
2024-07-03 09:12:15 UTC,1062,27,79,12,59,26
2024-07-03 09:12:09 UTC,1061,27,79,12,56,26
2024-07-03 09:11:59 UTC,1060,27,79,12,60,26
2024-07-03 09:11:54 UTC,1059,27,79,12,59,26
2024-07-03 09:11:48 UTC,1058,27,79,12,56,26
2024-07-03 09:11:43 UTC,1057,27,79,12,58,26
2024-07-03 09:11:38 UTC,1056,27,79,12,59,26
2024-07-03 09:11:33 UTC,1055,27,79,12,57,26
2024-07-03 09:11:28 UTC,1054,27,79,12,53,26
2024-07-03 09:11:22 UTC,1053,27,79,12,56,26
2024-07-03 09:11:17 UTC,1052,27,79,12,60,26
2024-07-03 09:11:12 UTC,1051,27,79,12,63,26
2024-07-03 09:11:07 UTC,1050,27,79,12,68,26
2024-07-03 09:11:02 UTC,1049,27,79,12,67,26
2024-07-03 09:10:56 UTC,1048,27,79,12,72,26
2024-07-03 09:10:46 UTC,1047,27,79,12,68,26
2024-07-03 09:10:41 UTC,1046,27,79,12,67,26
2024-07-03 09:10:25 UTC,1045,27,79,12,72,26
2024-07-03 09:10:20 UTC,1044,27,79,12,74,26
2024-07-03 09:10:15 UTC,1043,27,79,12,76,26
2024-07-03 09:10:10 UTC,1042,27,79,12,77,26
2024-07-03 09:10:04 UTC,1041,27,79,12,83,26
2024-07-03 09:09:59 UTC,1040,27,79,12,87,26
2024-07-03 09:09:54 UTC,1039,27,79,12,94,26
2024-07-03 09:09:49 UTC,1038,27,79,12,95,26
2024-07-03 09:09:44 UTC,1037,27,79,12,99,26
2024-07-03 09:09:38 UTC,1036,27,79,13,5,26
2024-07-03 09:09:33 UTC,1035,27,79,13,10,26
2024-07-03 09:09:28 UTC,1034,27,79,13,14,26
2024-07-03 09:09:23 UTC,1033,27,79,13,21,26
2024-07-03 09:09:18 UTC,1032,27,79,13,27,26
2024-07-03 09:09:12 UTC,1031,27,79,13,26,26
2024-07-03 09:09:07 UTC,1030,27,79,13,30,26
2024-07-03 09:09:02 UTC,1029,27,79,13,35,26
2024-07-03 09:08:57 UTC,1028,27,79,13,40,26
2024-07-03 09:08:51 UTC,1027,27,79,13,38,26
2024-07-03 09:08:46 UTC,1026,27,79,13,39,26
2024-07-03 09:08:41 UTC,1025,27,79,13,37,26
2024-07-03 09:08:36 UTC,1024,27,79,13,35,26
2024-07-03 09:08:31 UTC,1023,27,79,13,39,26
2024-07-03 09:08:25 UTC,1022,27,79,13,37,26
2024-07-03 09:08:20 UTC,1021,27,79,13,31,26
2024-07-03 09:08:15 UTC,1020,27,78,13,27,26
2024-07-03 09:08:10 UTC,1019,27,79,13,21,26
2024-07-03 09:08:05 UTC,1018,27,79,13,14,26
2024-07-03 09:07:59 UTC,1017,27,79,13,2,26
2024-07-03 09:07:54 UTC,1016,27,78,13,5,26
2024-07-03 09:07:49 UTC,1015,27,78,13,0,26
2024-07-03 09:07:44 UTC,1014,27,79,12,93,26
2024-07-03 09:07:39 UTC,1013,27,78,12,91,26
2024-07-03 09:07:33 UTC,1012,27,78,12,87,26
2024-07-03 09:07:28 UTC,1011,27,78,12,86,26
2024-07-03 09:07:23 UTC,1010,27,78,12,83,26
2024-07-03 09:07:13 UTC,1009,27,79,12,83,26
2024-07-03 09:07:02 UTC,1008,27,79,12,81,26
2024-07-03 09:06:57 UTC,1007,27,79,12,79,26
2024-07-03 09:06:52 UTC,1006,27,78,12,75,26
2024-07-03 09:06:47 UTC,1005,27,78,12,76,26
2024-07-03 09:06:36 UTC,1004,27,78,12,79,26
2024-07-03 09:06:31 UTC,1003,27,78,12,76,26
2024-07-03 09:06:26 UTC,1002,27,78,12,71,26
2024-07-03 09:06:21 UTC,1001,27,78,12,68,26
2024-07-03 09:06:15 UTC,1000,27,78,12,66,26
2024-07-03 09:06:10 UTC,999,27,78,12,67,26
2024-07-03 09:06:05 UTC,998,27,78,12,69,26
2024-07-03 09:06:00 UTC,997,27,78,12,65,26
2024-07-03 09:05:55 UTC,996,27,78,12,64,26
2024-07-03 09:05:49 UTC,995,27,78,12,67,26
2024-07-03 09:05:44 UTC,994,27,78,12,66,26
2024-07-03 09:05:39 UTC,993,27,78,12,67,26
2024-07-03 09:05:34 UTC,992,27,78,12,70,26
2024-07-03 09:05:29 UTC,991,27,78,12,69,26
2024-07-03 09:05:23 UTC,990,27,78,12,72,26
2024-07-03 09:05:18 UTC,989,27,78,12,70,26
2024-07-03 09:05:13 UTC,988,27,78,12,72,26
2024-07-03 09:04:57 UTC,987,27,78,12,76,26
2024-07-03 09:04:52 UTC,986,27,78,12,68,26
2024-07-03 09:04:47 UTC,985,27,78,12,62,26
2024-07-03 09:04:42 UTC,984,27,78,12,59,26
2024-07-03 09:04:31 UTC,983,27,78,12,61,26
2024-07-03 09:04:26 UTC,982,27,78,12,62,26
2024-07-03 09:04:21 UTC,981,27,78,12,70,26
2024-07-03 09:04:16 UTC,980,27,78,12,83,26
2024-07-03 09:04:10 UTC,979,27,78,12,92,26
2024-07-03 09:04:05 UTC,978,27,78,12,98,26
2024-07-03 09:04:00 UTC,977,27,78,13,6,26
2024-07-03 09:03:55 UTC,976,27,78,13,13,26
2024-07-03 09:03:50 UTC,975,27,78,13,28,26
2024-07-03 09:03:39 UTC,974,27,78,13,35,26
2024-07-03 09:03:34 UTC,973,27,78,13,39,26
2024-07-03 09:03:29 UTC,972,27,78,13,43,26
2024-07-03 09:03:24 UTC,971,27,78,13,41,26
2024-07-03 09:03:18 UTC,970,27,78,13,36,26
2024-07-03 09:03:13 UTC,969,27,78,13,35,26
2024-07-03 09:03:08 UTC,968,27,78,13,31,26
2024-07-03 09:02:58 UTC,967,27,78,13,29,26
2024-07-03 09:02:47 UTC,966,27,78,13,17,26
2024-07-03 09:02:42 UTC,965,27,78,13,15,26
2024-07-03 09:02:37 UTC,964,27,79,13,15,26
2024-07-03 09:02:32 UTC,963,27,79,13,17,26
2024-07-03 09:02:26 UTC,962,27,78,13,21,26
2024-07-03 09:02:21 UTC,961,27,78,13,20,26
2024-07-03 09:02:16 UTC,960,27,78,13,15,26
2024-07-03 09:02:11 UTC,959,27,78,13,13,26
2024-07-03 09:02:06 UTC,958,27,78,13,15,26
2024-07-03 09:02:00 UTC,957,27,78,13,16,26
2024-07-03 09:01:55 UTC,956,27,78,13,19,26
2024-07-03 09:01:50 UTC,955,27,78,13,21,26
2024-07-03 09:01:45 UTC,954,27,78,13,24,26
2024-07-03 09:01:39 UTC,953,27,78,13,27,26
2024-07-03 09:01:34 UTC,952,27,78,13,29,26
2024-07-03 09:01:29 UTC,951,27,78,13,22,26
2024-07-03 09:01:24 UTC,950,27,78,13,15,26
2024-07-03 09:01:13 UTC,949,27,78,13,11,26
2024-07-03 09:01:08 UTC,948,27,78,13,12,26
2024-07-03 09:01:03 UTC,947,27,78,13,10,26
2024-07-03 09:00:58 UTC,946,27,78,13,9,26
2024-07-03 09:00:53 UTC,945,27,78,13,8,26
2024-07-03 09:00:47 UTC,944,27,78,13,1,26
2024-07-03 09:00:42 UTC,943,27,78,13,0,26
2024-07-03 09:00:37 UTC,942,27,78,12,94,26
2024-07-03 09:00:32 UTC,941,27,78,12,95,26
2024-07-03 09:00:27 UTC,940,27,78,12,89,26
2024-07-03 09:00:21 UTC,939,27,78,12,88,26
2024-07-03 09:00:16 UTC,938,27,78,12,85,26
2024-07-03 09:00:11 UTC,937,27,78,12,87,26
2024-07-03 09:00:06 UTC,936,27,78,12,84,26
2024-07-03 09:00:01 UTC,935,27,78,12,81,26
2024-07-03 08:59:55 UTC,934,27,78,12,76,26
2024-07-03 08:59:45 UTC,933,27,78,12,73,26
2024-07-03 08:59:40 UTC,932,27,78,12,74,26
2024-07-03 08:59:35 UTC,931,27,78,12,76,26
2024-07-03 08:59:29 UTC,930,27,78,12,73,26
2024-07-03 08:59:24 UTC,929,27,78,12,75,26
2024-07-03 08:59:19 UTC,928,27,78,12,74,26
2024-07-03 08:59:09 UTC,927,27,78,12,75,26
2024-07-03 08:59:03 UTC,926,27,78,12,79,26
2024-07-03 08:58:58 UTC,925,27,78,12,84,26
2024-07-03 08:58:53 UTC,924,27,78,12,85,26
2024-07-03 08:58:48 UTC,923,27,78,12,84,26
2024-07-03 08:58:43 UTC,922,27,78,12,81,26
2024-07-03 08:58:37 UTC,921,27,78,12,80,26
2024-07-03 08:58:32 UTC,920,27,78,12,82,26
2024-07-03 08:58:27 UTC,919,27,78,12,89,26
2024-07-03 08:58:22 UTC,918,27,78,12,91,26
2024-07-03 08:58:16 UTC,917,27,78,12,95,26
2024-07-03 08:58:11 UTC,916,27,78,13,2,26
2024-07-03 08:58:06 UTC,915,27,78,13,3,26
2024-07-03 08:58:01 UTC,914,27,78,13,1,26
2024-07-03 08:57:56 UTC,913,27,78,13,3,26
2024-07-03 08:57:50 UTC,912,27,78,12,99,26
2024-07-03 08:57:45 UTC,911,27,78,12,92,26
2024-07-03 08:57:40 UTC,910,27,78,12,88,26
2024-07-03 08:57:35 UTC,909,27,78,12,85,26
2024-07-03 08:57:30 UTC,908,27,78,12,89,26
2024-07-03 08:57:24 UTC,907,27,78,12,91,26
2024-07-03 08:57:19 UTC,906,27,78,12,92,26
2024-07-03 08:57:14 UTC,905,27,78,12,91,26
2024-07-03 08:57:09 UTC,904,27,78,12,90,26
2024-07-03 08:57:04 UTC,903,27,78,12,92,26
2024-07-03 08:56:58 UTC,902,27,78,12,94,26
2024-07-03 08:56:53 UTC,901,27,78,12,93,26
2024-07-03 08:56:43 UTC,900,27,78,12,94,26
2024-07-03 08:56:32 UTC,899,27,78,12,92,26
2024-07-03 08:56:22 UTC,898,27,78,12,94,26
2024-07-03 08:56:12 UTC,897,27,78,12,92,26
2024-07-03 08:56:01 UTC,896,27,78,12,93,26
2024-07-03 08:55:56 UTC,895,27,78,12,96,26
2024-07-03 08:55:51 UTC,894,27,78,12,98,26
2024-07-03 08:55:46 UTC,893,27,78,12,99,26
2024-07-03 08:55:35 UTC,892,27,78,13,0,26
2024-07-03 08:55:30 UTC,891,27,78,12,99,26
2024-07-03 08:55:25 UTC,890,27,78,13,0,26
2024-07-03 08:55:20 UTC,889,27,78,13,3,26
2024-07-03 08:55:14 UTC,888,27,78,13,7,26
2024-07-03 08:55:09 UTC,887,27,78,13,9,26
2024-07-03 08:55:04 UTC,886,27,78,13,13,26
2024-07-03 08:54:59 UTC,885,27,78,13,18,26
2024-07-03 08:54:53 UTC,884,27,77,13,15,26
2024-07-03 08:54:48 UTC,883,27,77,13,16,26
2024-07-03 08:54:43 UTC,882,27,77,13,13,26
2024-07-03 08:54:38 UTC,881,28,77,13,21,26
2024-07-03 08:54:33 UTC,880,28,77,13,24,26
2024-07-03 08:54:27 UTC,879,28,77,13,33,26
2024-07-03 08:54:22 UTC,878,28,77,13,45,26
2024-07-03 08:54:17 UTC,877,28,77,13,58,26
2024-07-03 08:54:12 UTC,876,28,77,13,68,26
2024-07-03 08:54:07 UTC,875,28,77,13,66,26
2024-07-03 08:54:01 UTC,874,28,77,13,53,26
2024-07-03 08:53:56 UTC,873,28,77,13,46,26
2024-07-03 08:53:51 UTC,872,28,77,13,37,26
2024-07-03 08:53:46 UTC,871,28,76,13,33,26
2024-07-03 08:53:41 UTC,870,28,76,13,30,26
2024-07-03 08:53:35 UTC,869,28,76,13,28,26
2024-07-03 08:53:30 UTC,868,29,78,13,35,26
2024-07-03 08:53:25 UTC,867,29,81,13,14,26
2024-07-03 08:48:25 UTC,866,27,78,12,78,26
2024-07-03 08:48:20 UTC,865,27,78,12,73,26
2024-07-03 08:48:15 UTC,864,27,78,12,65,26
2024-07-03 08:48:10 UTC,863,27,78,12,58,26
2024-07-03 08:48:05 UTC,862,27,78,12,52,26
2024-07-03 08:47:59 UTC,861,27,78,12,50,26
2024-07-03 08:47:54 UTC,860,27,78,12,49,26
2024-07-03 08:47:49 UTC,859,27,78,12,47,26
2024-07-03 08:47:44 UTC,858,27,78,12,44,26
2024-07-03 08:47:39 UTC,857,27,78,12,46,26
2024-07-03 08:47:33 UTC,856,27,78,12,53,26
2024-07-03 08:47:28 UTC,855,27,78,12,57,26
2024-07-03 08:47:23 UTC,854,27,78,12,64,26
2024-07-03 08:47:18 UTC,853,27,78,12,71,26
2024-07-03 08:47:13 UTC,852,27,78,12,72,26
2024-07-03 08:47:07 UTC,851,27,78,12,80,26
2024-07-03 08:47:02 UTC,850,27,78,12,89,26
2024-07-03 08:46:57 UTC,849,27,77,12,94,26
2024-07-03 08:46:52 UTC,848,27,78,12,95,26
2024-07-03 08:46:47 UTC,847,27,78,12,94,26
2024-07-03 08:46:41 UTC,846,27,77,12,91,26
2024-07-03 08:46:36 UTC,845,27,78,12,89,26
2024-07-03 08:46:26 UTC,844,27,77,12,86,26
2024-07-03 08:46:21 UTC,843,27,77,12,76,26
2024-07-03 08:46:15 UTC,842,27,78,12,69,26
2024-07-03 08:46:10 UTC,841,27,78,12,60,26
2024-07-03 08:46:05 UTC,840,27,78,12,57,26
2024-07-03 08:46:00 UTC,839,27,78,12,60,26
2024-07-03 08:45:55 UTC,838,27,78,12,57,26
2024-07-03 08:45:49 UTC,837,27,78,12,59,26
2024-07-03 08:45:44 UTC,836,27,77,12,59,26
2024-07-03 08:45:39 UTC,835,27,78,12,63,26
2024-07-03 08:45:34 UTC,834,27,77,12,63,26
2024-07-03 08:45:29 UTC,833,27,77,12,69,26
2024-07-03 08:45:23 UTC,832,27,77,12,76,26
2024-07-03 08:45:18 UTC,831,27,77,12,85,26
2024-07-03 08:45:13 UTC,830,27,77,12,93,26
2024-07-03 08:45:08 UTC,829,27,77,13,12,26
2024-07-03 08:45:03 UTC,828,27,77,13,39,26
2024-07-03 08:44:57 UTC,827,28,77,13,71,26
2024-07-03 08:44:47 UTC,826,28,77,13,76,26
2024-07-03 08:44:42 UTC,825,28,77,13,85,26
2024-07-03 08:44:36 UTC,824,28,77,13,97,26
2024-07-03 08:44:31 UTC,823,28,77,14,7,26
2024-07-03 08:44:26 UTC,822,28,77,14,5,26
2024-07-03 08:44:21 UTC,821,28,77,14,3,26
2024-07-03 08:44:16 UTC,820,28,77,13,99,26
2024-07-03 08:44:10 UTC,819,28,77,13,98,26
2024-07-03 08:44:05 UTC,818,28,77,13,93,26
2024-07-03 08:44:00 UTC,817,28,77,13,72,26
2024-07-03 08:43:55 UTC,816,28,76,13,52,26
2024-07-03 08:43:50 UTC,815,28,76,13,36,26
2024-07-03 08:43:44 UTC,814,28,76,13,13,26
2024-07-03 08:43:39 UTC,813,28,76,12,94,26
2024-07-03 08:43:34 UTC,812,28,76,12,46,26
2024-07-03 08:43:29 UTC,811,28,76,11,4,26
2024-07-03 08:43:24 UTC,810,29,77,8,24,26
2024-07-03 08:43:18 UTC,809,30,84,13,96,26
2024-07-03 08:40:02 UTC,808,28,78,17,69,26
2024-07-03 08:39:57 UTC,807,28,79,17,49,26
2024-07-03 08:39:52 UTC,806,28,80,15,79,26
2024-07-03 08:39:47 UTC,805,27,80,12,47,26
2024-07-03 08:39:36 UTC,804,27,78,12,44,26
2024-07-03 08:39:31 UTC,803,27,78,12,42,26
2024-07-03 08:39:26 UTC,802,27,78,12,46,26
2024-07-03 08:39:21 UTC,801,27,78,12,44,26
2024-07-03 08:39:16 UTC,800,27,78,12,43,26
2024-07-03 08:39:10 UTC,799,27,78,12,48,26
2024-07-03 08:39:05 UTC,798,27,78,12,52,26
2024-07-03 08:39:00 UTC,797,27,78,12,57,26
2024-07-03 08:38:55 UTC,796,27,78,12,59,26
2024-07-03 08:38:50 UTC,795,27,78,12,61,26
2024-07-03 08:38:44 UTC,794,27,78,12,69,26
2024-07-03 08:38:39 UTC,793,27,78,12,74,26
2024-07-03 08:38:34 UTC,792,27,78,12,71,26
2024-07-03 08:38:29 UTC,791,27,78,12,67,26
2024-07-03 08:38:24 UTC,790,27,78,12,61,26
2024-07-03 08:38:18 UTC,789,27,78,12,58,26
2024-07-03 08:38:13 UTC,788,27,78,12,57,26
2024-07-03 08:38:03 UTC,787,27,78,12,53,26
2024-07-03 08:37:58 UTC,786,27,78,12,49,26
2024-07-03 08:37:52 UTC,785,27,78,12,43,26
2024-07-03 08:37:47 UTC,784,27,79,12,34,26
2024-07-03 08:37:42 UTC,783,27,78,12,34,26
2024-07-03 08:37:37 UTC,782,27,78,12,29,26
2024-07-03 08:37:31 UTC,781,27,78,12,28,26
2024-07-03 08:37:26 UTC,780,27,78,12,16,26
2024-07-03 08:37:21 UTC,779,27,79,12,12,26
2024-07-03 08:37:16 UTC,778,27,78,12,10,26
2024-07-03 08:37:11 UTC,777,27,78,12,16,26
2024-07-03 08:37:05 UTC,776,27,78,12,22,26
2024-07-03 08:37:00 UTC,775,27,78,12,39,26
2024-07-03 08:36:55 UTC,774,27,78,12,48,26
2024-07-03 08:36:50 UTC,773,27,78,12,53,26
2024-07-03 08:36:45 UTC,772,27,78,12,60,26
2024-07-03 08:36:39 UTC,771,27,78,12,69,26
2024-07-03 08:36:34 UTC,770,27,78,12,80,26
2024-07-03 08:36:29 UTC,769,27,78,12,90,26
2024-07-03 08:36:24 UTC,768,27,78,12,94,26
2024-07-03 08:36:19 UTC,767,27,78,12,98,26
2024-07-03 08:36:13 UTC,766,27,78,13,0,26
2024-07-03 08:36:08 UTC,765,27,79,13,2,26
2024-07-03 08:36:03 UTC,764,27,78,13,2,26
2024-07-03 08:35:53 UTC,763,27,78,12,99,26
2024-07-03 08:35:47 UTC,762,27,79,12,98,26
2024-07-03 08:35:37 UTC,761,27,79,13,6,26
2024-07-03 08:35:32 UTC,760,27,79,13,9,26
2024-07-03 08:35:27 UTC,759,27,79,13,2,26
2024-07-03 08:35:16 UTC,758,27,79,13,8,26
2024-07-03 08:35:11 UTC,757,27,79,13,4,26
2024-07-03 08:35:06 UTC,756,27,78,12,98,26
2024-07-03 08:35:01 UTC,755,27,78,13,6,26
2024-07-03 08:34:55 UTC,754,27,79,13,13,26
2024-07-03 08:34:50 UTC,753,27,79,13,16,26
2024-07-03 08:34:45 UTC,752,27,79,13,22,26
2024-07-03 08:34:40 UTC,751,27,79,13,27,26
2024-07-03 08:34:35 UTC,750,27,79,13,30,26
2024-07-03 08:34:29 UTC,749,27,79,13,33,26
2024-07-03 08:34:19 UTC,748,27,79,13,32,26
2024-07-03 08:34:14 UTC,747,27,79,13,28,26
2024-07-03 08:34:08 UTC,746,27,79,13,33,26
2024-07-03 08:33:58 UTC,745,27,79,13,28,26
2024-07-03 08:33:53 UTC,744,27,79,13,31,26
2024-07-03 08:33:48 UTC,743,27,78,13,40,26
2024-07-03 08:33:42 UTC,742,27,79,13,44,26
2024-07-03 08:33:37 UTC,741,27,79,13,43,26
2024-07-03 08:33:32 UTC,740,27,79,13,34,26
2024-07-03 08:33:27 UTC,739,27,79,13,30,26
2024-07-03 08:33:22 UTC,738,27,79,13,23,26
2024-07-03 08:33:16 UTC,737,27,79,13,18,26
2024-07-03 08:33:11 UTC,736,27,79,13,9,26
2024-07-03 08:33:06 UTC,735,27,79,13,4,26
2024-07-03 08:33:01 UTC,734,27,79,12,97,26
2024-07-03 08:32:56 UTC,733,27,79,12,87,26
2024-07-03 08:32:50 UTC,732,27,78,12,73,26
2024-07-03 08:32:45 UTC,731,27,78,12,57,26
2024-07-03 08:32:40 UTC,730,27,79,12,40,26
2024-07-03 08:32:35 UTC,729,27,79,12,17,26
2024-07-03 08:32:30 UTC,728,27,79,12,9,26
2024-07-03 08:32:24 UTC,727,27,79,12,5,26
2024-07-03 08:32:19 UTC,726,27,79,12,2,26
2024-07-03 08:32:14 UTC,725,27,79,12,0,26
2024-07-03 08:32:09 UTC,724,27,79,12,6,26
2024-07-03 08:32:04 UTC,723,27,79,12,5,26
2024-07-03 08:31:58 UTC,722,27,79,12,10,26
2024-07-03 08:31:53 UTC,721,27,78,12,9,26
2024-07-03 08:31:48 UTC,720,27,79,12,15,26
2024-07-03 08:31:43 UTC,719,27,78,12,19,26
2024-07-03 08:31:38 UTC,718,27,78,12,34,26
2024-07-03 08:31:32 UTC,717,27,79,12,39,26
2024-07-03 08:31:27 UTC,716,27,79,12,45,26
2024-07-03 08:31:22 UTC,715,27,79,12,43,26
2024-07-03 08:31:17 UTC,714,27,79,12,50,26
2024-07-03 08:31:11 UTC,713,27,79,12,53,26
2024-07-03 08:31:06 UTC,712,27,79,12,60,26
2024-07-03 08:31:01 UTC,711,27,79,12,68,26
2024-07-03 08:30:56 UTC,710,27,79,12,79,26
2024-07-03 08:30:51 UTC,709,27,79,12,90,26
2024-07-03 08:30:45 UTC,708,27,79,13,10,26
2024-07-03 08:30:40 UTC,707,27,79,13,32,26
2024-07-03 08:30:35 UTC,706,27,79,13,43,26
2024-07-03 08:30:30 UTC,705,27,79,13,40,26
2024-07-03 08:30:19 UTC,704,27,79,13,38,26
2024-07-03 08:30:14 UTC,703,27,79,13,37,26
2024-07-03 08:30:09 UTC,702,27,79,13,29,26
2024-07-03 08:30:04 UTC,701,27,79,13,20,26
2024-07-03 08:29:59 UTC,700,27,79,13,11,26
2024-07-03 08:29:53 UTC,699,27,79,12,98,26
2024-07-03 08:29:48 UTC,698,27,79,12,74,26
2024-07-03 08:29:43 UTC,697,27,79,12,23,26
2024-07-03 08:29:38 UTC,696,27,79,11,47,26
2024-07-03 08:29:33 UTC,695,27,79,11,2,26
2024-07-03 08:29:27 UTC,694,27,79,10,90,26
2024-07-03 08:29:22 UTC,693,27,79,10,84,26
2024-07-03 08:29:17 UTC,692,27,78,10,77,26
2024-07-03 08:29:12 UTC,691,27,78,10,69,26
2024-07-03 08:29:07 UTC,690,27,78,10,71,26
2024-07-03 08:29:01 UTC,689,27,78,10,69,26
2024-07-03 08:28:56 UTC,688,27,78,10,72,26
2024-07-03 08:28:41 UTC,687,27,78,10,69,26
2024-07-03 08:28:35 UTC,686,27,78,10,71,26
2024-07-03 08:28:30 UTC,685,27,79,10,70,26
2024-07-03 08:28:25 UTC,684,27,78,10,67,26
2024-07-03 08:28:20 UTC,683,27,78,10,69,26
2024-07-03 08:28:15 UTC,682,27,78,10,72,26
2024-07-03 08:28:09 UTC,681,27,78,10,74,26
2024-07-03 08:27:59 UTC,680,27,78,10,82,26
2024-07-03 08:27:54 UTC,679,27,78,10,87,26
2024-07-03 08:27:48 UTC,678,27,78,10,82,26
2024-07-03 08:27:43 UTC,677,27,79,10,84,26
2024-07-03 08:27:38 UTC,676,27,79,10,79,26
2024-07-03 08:27:33 UTC,675,27,78,10,76,26
2024-07-03 08:27:28 UTC,674,27,78,10,72,26
2024-07-03 08:27:22 UTC,673,27,78,10,70,26
2024-07-03 08:27:17 UTC,672,27,78,10,69,26
2024-07-03 08:27:12 UTC,671,27,78,10,70,26
2024-07-03 08:27:07 UTC,670,27,78,10,60,26
2024-07-03 08:27:02 UTC,669,27,78,10,65,26
2024-07-03 08:26:56 UTC,668,27,78,10,62,26
2024-07-03 08:26:51 UTC,667,27,78,10,59,26
2024-07-03 08:26:46 UTC,666,27,78,10,55,26
2024-07-03 08:26:41 UTC,665,27,78,10,54,26
2024-07-03 08:26:30 UTC,664,27,78,10,49,26
2024-07-03 08:26:25 UTC,663,27,78,10,51,26
2024-07-03 08:26:10 UTC,662,27,78,10,46,26
2024-07-03 08:26:04 UTC,661,27,78,10,48,26
2024-07-03 08:25:59 UTC,660,27,78,10,47,26
2024-07-03 08:25:54 UTC,659,27,78,10,45,26
2024-07-03 08:25:49 UTC,658,27,78,10,50,26
2024-07-03 08:25:44 UTC,657,27,78,10,46,26
2024-07-03 08:25:38 UTC,656,27,78,10,42,26
2024-07-03 08:25:33 UTC,655,27,78,10,45,26
2024-07-03 08:25:28 UTC,654,27,78,10,48,26
2024-07-03 08:25:23 UTC,653,27,78,10,47,26
2024-07-03 08:25:18 UTC,652,27,78,10,48,26
2024-07-03 08:25:12 UTC,651,27,78,10,46,26
2024-07-03 08:25:02 UTC,650,27,78,10,45,26
2024-07-03 08:24:57 UTC,649,27,78,10,51,26
2024-07-03 08:24:52 UTC,648,27,78,10,50,26
2024-07-03 08:24:36 UTC,647,27,78,10,46,26
2024-07-03 08:24:31 UTC,646,27,78,10,43,26
2024-07-03 08:24:25 UTC,645,27,78,10,44,26
2024-07-03 08:24:20 UTC,644,27,78,10,43,26
2024-07-03 08:24:15 UTC,643,27,78,10,41,26
2024-07-03 08:24:10 UTC,642,27,78,10,45,26
2024-07-03 08:24:05 UTC,641,27,78,10,44,26
2024-07-03 08:23:54 UTC,640,27,78,10,47,26
2024-07-03 08:23:44 UTC,639,27,78,10,43,26
2024-07-03 08:23:33 UTC,638,27,78,10,45,26
2024-07-03 08:23:23 UTC,637,27,78,10,47,26
2024-07-03 08:23:07 UTC,636,27,78,10,49,26
2024-07-03 08:23:02 UTC,635,27,78,10,51,26
2024-07-03 08:22:57 UTC,634,27,78,10,54,26
2024-07-03 08:22:52 UTC,633,26,78,10,49,26
2024-07-03 08:22:47 UTC,632,27,78,10,49,26
2024-07-03 08:22:36 UTC,631,27,78,10,50,26
2024-07-03 08:22:31 UTC,630,27,78,10,56,26
2024-07-03 08:22:26 UTC,629,27,78,10,55,26
2024-07-03 08:22:21 UTC,628,26,78,10,50,26
2024-07-03 08:22:15 UTC,627,27,78,10,47,26
2024-07-03 08:22:10 UTC,626,26,78,10,42,26
2024-07-03 08:22:05 UTC,625,26,78,10,40,26
2024-07-03 08:22:00 UTC,624,27,78,10,34,26
2024-07-03 08:21:55 UTC,623,26,78,10,33,26
2024-07-03 08:21:49 UTC,622,26,78,10,28,26
2024-07-03 08:21:44 UTC,621,26,78,10,23,26
2024-07-03 08:21:34 UTC,620,26,78,10,22,26
2024-07-03 08:21:28 UTC,619,26,78,10,21,26
2024-07-03 08:21:23 UTC,618,26,78,10,23,26
2024-07-03 08:21:18 UTC,617,26,78,10,20,26
2024-07-03 08:21:13 UTC,616,26,78,10,19,26
2024-07-03 08:21:08 UTC,615,26,78,10,16,26
2024-07-03 08:21:02 UTC,614,27,78,10,17,26
2024-07-03 08:20:57 UTC,613,26,78,10,20,26
2024-07-03 08:20:52 UTC,612,26,78,10,21,26
2024-07-03 08:20:47 UTC,611,26,78,10,19,26
2024-07-03 08:20:36 UTC,610,26,78,10,24,26
2024-07-03 08:20:31 UTC,609,26,78,10,28,26
2024-07-03 08:20:26 UTC,608,26,78,10,31,26
2024-07-03 08:20:21 UTC,607,26,78,10,35,26
2024-07-03 08:20:16 UTC,606,26,78,10,33,26
2024-07-03 08:20:10 UTC,605,26,78,10,27,26
2024-07-03 08:20:05 UTC,604,26,78,10,30,26
2024-07-03 08:20:00 UTC,603,26,78,10,26,26
2024-07-03 08:19:55 UTC,602,26,78,10,30,26
2024-07-03 08:19:50 UTC,601,26,78,10,28,26
2024-07-03 08:19:44 UTC,600,26,78,10,24,26
2024-07-03 08:19:39 UTC,599,26,78,10,22,26
2024-07-03 08:19:34 UTC,598,26,78,10,19,26
2024-07-03 08:19:29 UTC,597,26,78,10,22,26
2024-07-03 08:19:23 UTC,596,26,78,10,24,26
2024-07-03 08:19:17 UTC,595,26,78,10,18,26
2024-07-03 08:19:12 UTC,594,26,78,10,19,26
2024-07-03 08:19:07 UTC,593,26,78,10,18,26
2024-07-03 08:19:02 UTC,592,26,78,10,19,26
2024-07-03 08:18:57 UTC,591,26,78,10,21,26
2024-07-03 08:18:51 UTC,590,26,78,10,22,26
2024-07-03 08:18:46 UTC,589,26,78,10,24,26
2024-07-03 08:18:41 UTC,588,26,78,10,27,26
2024-07-03 08:18:36 UTC,587,26,78,10,31,26
2024-07-03 08:18:31 UTC,586,26,78,10,32,26
2024-07-03 08:18:25 UTC,585,26,78,10,31,26
2024-07-03 08:18:15 UTC,584,26,78,10,32,26
2024-07-03 08:18:10 UTC,583,26,78,10,31,26
2024-07-03 08:18:05 UTC,582,26,78,10,30,26
2024-07-03 08:17:59 UTC,581,26,78,10,31,26
2024-07-03 08:17:54 UTC,580,26,78,10,29,26
2024-07-03 08:17:44 UTC,579,26,78,10,27,26
2024-07-03 08:17:39 UTC,578,26,78,10,26,26
2024-07-03 08:17:33 UTC,577,26,78,10,23,26
2024-07-03 08:17:28 UTC,576,26,78,10,22,26
2024-07-03 08:17:18 UTC,575,26,78,10,20,26
2024-07-03 08:17:13 UTC,574,26,78,10,14,26
2024-07-03 08:17:07 UTC,573,26,78,10,15,26
2024-07-03 08:17:02 UTC,572,26,78,10,12,26
2024-07-03 08:16:57 UTC,571,26,78,10,10,26
2024-07-03 08:16:52 UTC,570,26,78,10,15,26
2024-07-03 08:16:41 UTC,569,26,78,10,16,26
2024-07-03 08:16:36 UTC,568,26,78,10,17,26
2024-07-03 08:16:31 UTC,567,26,78,10,18,26
2024-07-03 08:16:26 UTC,566,26,78,10,17,26
2024-07-03 08:16:21 UTC,565,26,78,10,19,26
2024-07-03 08:16:15 UTC,564,26,78,10,17,26
2024-07-03 08:16:10 UTC,563,26,78,10,20,26
2024-07-03 08:16:05 UTC,562,26,78,10,21,26
2024-07-03 08:16:00 UTC,561,26,78,10,19,26
2024-07-03 08:15:49 UTC,560,26,78,10,21,26
2024-07-03 08:15:39 UTC,559,26,78,10,20,26
2024-07-03 08:15:34 UTC,558,26,78,10,18,26
2024-07-03 08:15:23 UTC,557,26,78,10,23,26
2024-07-03 08:15:18 UTC,556,26,78,10,28,26
2024-07-03 08:15:13 UTC,555,26,78,10,26,26
2024-07-03 08:15:08 UTC,554,26,78,10,25,26
2024-07-03 08:15:02 UTC,553,26,78,10,27,26
2024-07-03 08:14:57 UTC,552,26,78,10,32,26
2024-07-03 08:14:52 UTC,551,26,77,10,26,26
2024-07-03 08:14:47 UTC,550,26,78,10,23,26
2024-07-03 08:14:42 UTC,549,26,78,10,25,26
2024-07-03 08:14:36 UTC,548,26,78,10,27,26
2024-07-03 08:14:26 UTC,547,26,78,10,26,26
2024-07-03 08:14:21 UTC,546,26,78,10,22,26
2024-07-03 08:14:16 UTC,545,26,78,10,20,26
2024-07-03 08:14:10 UTC,544,26,78,10,17,26
2024-07-03 08:14:00 UTC,543,26,78,10,21,26
2024-07-03 08:13:55 UTC,542,26,78,10,19,26
2024-07-03 08:13:50 UTC,541,26,78,10,15,26
2024-07-03 08:13:44 UTC,540,26,78,10,9,26
2024-07-03 08:13:39 UTC,539,26,78,10,3,26
2024-07-03 08:13:34 UTC,538,26,78,10,11,26
2024-07-03 08:13:29 UTC,537,26,78,10,14,26
2024-07-03 08:13:24 UTC,536,26,78,10,17,26
2024-07-03 08:13:18 UTC,535,26,78,10,21,26
2024-07-03 08:13:13 UTC,534,26,78,10,20,26
2024-07-03 08:13:08 UTC,533,26,78,10,27,26
2024-07-03 08:13:03 UTC,532,26,78,10,31,26
2024-07-03 08:12:57 UTC,531,26,78,10,33,26
2024-07-03 08:12:52 UTC,530,26,78,10,34,26
2024-07-03 08:12:47 UTC,529,26,77,10,35,26
2024-07-03 08:12:42 UTC,528,26,77,10,36,26
2024-07-03 08:12:37 UTC,527,26,77,10,35,26
2024-07-03 08:12:31 UTC,526,26,77,10,40,26
2024-07-03 08:12:26 UTC,525,26,77,10,41,26
2024-07-03 08:12:21 UTC,524,26,77,10,35,26
2024-07-03 08:12:11 UTC,523,26,78,10,37,26
2024-07-03 08:12:05 UTC,522,26,78,10,36,26
2024-07-03 08:11:55 UTC,521,26,78,10,39,26
2024-07-03 08:11:50 UTC,520,26,78,10,42,26
2024-07-03 08:11:45 UTC,519,26,78,10,41,26
2024-07-03 08:11:39 UTC,518,26,78,10,39,26
2024-07-03 08:11:34 UTC,517,26,78,10,38,26
2024-07-03 08:11:29 UTC,516,26,78,10,41,26
2024-07-03 08:11:24 UTC,515,26,78,10,35,26
2024-07-03 08:11:19 UTC,514,26,78,10,41,26
2024-07-03 08:11:13 UTC,513,26,77,10,46,26
2024-07-03 08:11:08 UTC,512,26,77,10,51,26
2024-07-03 08:11:03 UTC,511,26,77,10,54,26
2024-07-03 08:10:58 UTC,510,26,78,10,49,26
2024-07-03 08:10:53 UTC,509,26,78,10,44,26
2024-07-03 08:10:47 UTC,508,26,78,10,43,26
2024-07-03 08:10:42 UTC,507,26,78,10,45,26
2024-07-03 08:10:37 UTC,506,26,78,10,47,26
2024-07-03 08:10:32 UTC,505,26,77,10,50,26
2024-07-03 08:10:27 UTC,504,26,77,10,54,26
2024-07-03 08:10:21 UTC,503,26,77,10,57,26
2024-07-03 08:10:11 UTC,502,26,77,10,60,26
2024-07-03 08:10:06 UTC,501,26,77,10,61,26
2024-07-03 08:10:01 UTC,500,26,77,10,59,26
2024-07-03 08:09:55 UTC,499,26,77,10,53,26
2024-07-03 08:09:45 UTC,498,26,77,10,51,26
2024-07-03 08:09:40 UTC,497,26,77,10,56,26
2024-07-03 08:09:34 UTC,496,26,77,10,60,26
2024-07-03 08:09:29 UTC,495,26,77,10,59,26
2024-07-03 08:09:24 UTC,494,26,77,10,55,26
2024-07-03 08:09:19 UTC,493,26,77,10,53,26
2024-07-03 08:09:08 UTC,492,26,77,10,48,26
2024-07-03 08:09:03 UTC,491,26,77,10,40,26
2024-07-03 08:08:58 UTC,490,26,77,10,34,26
2024-07-03 08:08:53 UTC,489,26,77,10,35,26
2024-07-03 08:08:48 UTC,488,26,77,10,55,26
2024-07-03 08:08:42 UTC,487,26,77,10,61,26
2024-07-03 08:08:37 UTC,486,26,77,10,58,26
2024-07-03 08:08:32 UTC,485,26,77,10,66,26
2024-07-03 08:08:27 UTC,484,26,77,10,56,26
2024-07-03 08:08:22 UTC,483,26,77,10,52,26
2024-07-03 08:08:16 UTC,482,26,77,10,50,26
2024-07-03 08:08:11 UTC,481,26,77,10,49,26
2024-07-03 08:08:06 UTC,480,26,77,10,43,26
2024-07-03 08:08:01 UTC,479,26,77,10,39,26
2024-07-03 08:07:56 UTC,478,26,77,10,34,26
2024-07-03 08:07:50 UTC,477,26,77,10,37,26
2024-07-03 08:07:40 UTC,476,26,77,10,33,26
2024-07-03 08:07:35 UTC,475,26,77,10,31,26
2024-07-03 08:07:30 UTC,474,26,77,10,30,26
2024-07-03 08:07:24 UTC,473,26,77,10,29,26
2024-07-03 08:07:19 UTC,472,26,77,10,26,26
2024-07-03 08:07:04 UTC,471,26,77,10,28,26
2024-07-03 08:06:53 UTC,470,26,77,10,30,26
2024-07-03 08:06:48 UTC,469,26,77,10,33,26
2024-07-03 08:06:38 UTC,468,26,77,10,34,26
2024-07-03 08:06:32 UTC,467,26,77,10,30,26
2024-07-03 08:06:27 UTC,466,26,77,10,23,26
2024-07-03 08:06:22 UTC,465,26,77,10,20,26
2024-07-03 08:06:17 UTC,464,26,77,10,19,26
2024-07-03 08:06:01 UTC,463,26,77,10,20,26
2024-07-03 08:05:56 UTC,462,26,77,10,15,26
2024-07-03 08:05:45 UTC,461,26,77,10,13,26
2024-07-03 08:05:35 UTC,460,26,77,10,8,26
2024-07-03 08:05:25 UTC,459,26,77,10,7,26
2024-07-03 08:05:19 UTC,458,26,77,10,10,26
2024-07-03 08:05:14 UTC,457,26,77,10,17,26
2024-07-03 08:05:09 UTC,456,26,77,10,25,26
2024-07-03 08:05:04 UTC,455,26,77,10,24,26
2024-07-03 08:04:53 UTC,454,26,77,10,23,26
2024-07-03 08:04:48 UTC,453,26,77,10,29,26
2024-07-03 08:04:38 UTC,452,26,77,10,32,26
2024-07-03 08:04:33 UTC,451,26,77,10,38,26
2024-07-03 08:04:27 UTC,450,26,77,10,44,26
2024-07-03 08:04:22 UTC,449,26,77,10,45,26
2024-07-03 08:04:17 UTC,448,26,77,10,42,26
2024-07-03 08:04:12 UTC,447,26,77,10,44,26
2024-07-03 08:04:01 UTC,446,26,77,10,45,26
2024-07-03 08:03:56 UTC,445,26,77,10,44,26
2024-07-03 08:03:51 UTC,444,26,77,10,42,26
2024-07-03 08:03:46 UTC,443,26,77,10,45,26
2024-07-03 08:03:41 UTC,442,26,77,10,46,26
2024-07-03 08:03:35 UTC,441,26,77,10,49,26
2024-07-03 08:03:30 UTC,440,26,77,10,54,26
2024-07-03 08:03:25 UTC,439,26,77,10,53,26
2024-07-03 08:03:20 UTC,438,26,77,10,54,26
2024-07-03 08:03:15 UTC,437,26,77,10,50,26
2024-07-03 08:03:09 UTC,436,26,77,10,48,26
2024-07-03 08:03:04 UTC,435,26,77,10,47,26
2024-07-03 08:02:59 UTC,434,26,77,10,49,26
2024-07-03 08:02:54 UTC,433,26,77,10,50,26
2024-07-03 08:02:43 UTC,432,26,77,10,47,26
2024-07-03 08:02:38 UTC,431,26,77,10,46,26
2024-07-03 08:02:33 UTC,430,26,77,10,53,26
2024-07-03 08:02:28 UTC,429,26,77,10,56,26
2024-07-03 08:02:22 UTC,428,26,77,10,57,26
2024-07-03 08:02:17 UTC,427,26,77,10,62,26
2024-07-03 08:02:12 UTC,426,26,77,10,59,26
2024-07-03 08:02:07 UTC,425,26,77,10,62,26
2024-07-03 08:02:02 UTC,424,26,77,10,59,26
2024-07-03 08:01:56 UTC,423,26,77,10,62,26
2024-07-03 08:01:51 UTC,422,26,77,10,64,26
2024-07-03 08:01:46 UTC,421,26,77,10,70,26
2024-07-03 08:01:36 UTC,420,26,77,10,71,26
2024-07-03 08:01:30 UTC,419,26,77,10,70,26
2024-07-03 08:01:25 UTC,418,26,77,10,71,26
2024-07-03 08:01:20 UTC,417,26,77,10,68,26
2024-07-03 08:01:15 UTC,416,26,77,10,60,26
2024-07-03 08:01:10 UTC,415,26,77,10,59,26
2024-07-03 08:01:04 UTC,414,26,77,10,57,26
2024-07-03 08:00:59 UTC,413,26,77,10,60,26
2024-07-03 08:00:54 UTC,412,26,77,10,59,26
2024-07-03 08:00:49 UTC,411,26,77,10,62,26
2024-07-03 08:00:44 UTC,410,26,77,10,67,26
2024-07-03 08:00:38 UTC,409,26,77,10,71,26
2024-07-03 08:00:33 UTC,408,26,77,10,75,26
2024-07-03 08:00:23 UTC,407,26,77,10,79,26
2024-07-03 08:00:02 UTC,406,26,77,10,86,26
2024-07-03 07:59:57 UTC,405,26,77,10,81,26
2024-07-03 07:59:51 UTC,404,26,77,10,76,26
2024-07-03 07:59:46 UTC,403,26,77,10,72,26
2024-07-03 07:59:41 UTC,402,26,77,10,74,26
2024-07-03 07:59:36 UTC,401,26,77,10,77,26
2024-07-03 07:59:31 UTC,400,26,77,10,79,26
2024-07-03 07:59:25 UTC,399,26,77,10,73,26
2024-07-03 07:59:20 UTC,398,26,77,10,70,26
2024-07-03 07:59:15 UTC,397,26,77,10,71,26
2024-07-03 07:59:10 UTC,396,26,77,10,72,26
2024-07-03 07:59:05 UTC,395,26,77,10,75,26
2024-07-03 07:58:59 UTC,394,26,77,10,70,26
2024-07-03 07:58:54 UTC,393,26,77,10,74,26
2024-07-03 07:58:49 UTC,392,26,77,10,73,26
2024-07-03 07:58:44 UTC,391,26,77,10,71,26
2024-07-03 07:58:39 UTC,390,26,77,10,69,26
2024-07-03 07:58:33 UTC,389,26,77,10,68,26
2024-07-03 07:58:28 UTC,388,26,77,10,62,26
2024-07-03 07:58:23 UTC,387,26,77,10,47,26
2024-07-03 07:58:18 UTC,386,26,77,9,28,26
2024-07-03 07:58:13 UTC,385,26,77,9,36,26
2024-07-03 07:58:07 UTC,384,26,77,9,31,26
2024-07-03 07:58:02 UTC,383,26,77,9,14,26
2024-07-03 07:57:57 UTC,382,26,77,10,73,26
2024-07-03 07:57:51 UTC,381,26,77,10,70,26
2024-07-03 07:57:46 UTC,380,26,77,10,72,26
2024-07-03 07:57:40 UTC,379,26,77,10,68,26
2024-07-03 07:57:35 UTC,378,26,77,10,69,26
2024-07-03 07:57:30 UTC,377,26,77,10,68,26
2024-07-03 07:57:25 UTC,376,26,77,10,71,26
2024-07-03 07:57:20 UTC,375,26,77,10,77,26
2024-07-03 07:57:14 UTC,374,26,77,10,79,26
2024-07-03 07:57:09 UTC,373,26,77,10,77,26
2024-07-03 07:57:04 UTC,372,26,77,10,82,26
2024-07-03 07:56:59 UTC,371,26,77,10,79,26
2024-07-03 07:56:54 UTC,370,26,77,10,81,26
2024-07-03 07:56:48 UTC,369,26,77,10,82,26
2024-07-03 07:56:43 UTC,368,26,77,10,85,26
2024-07-03 07:56:38 UTC,367,26,77,10,83,26
2024-07-03 07:56:33 UTC,366,26,77,10,84,26
2024-07-03 07:56:28 UTC,365,26,77,10,82,26
2024-07-03 07:56:22 UTC,364,26,77,10,84,26
2024-07-03 07:56:12 UTC,363,26,77,10,87,26
2024-07-03 07:56:07 UTC,362,26,77,10,88,26
2024-07-03 07:56:02 UTC,361,26,77,10,90,26
2024-07-03 07:55:51 UTC,360,26,77,10,89,26
2024-07-03 07:55:46 UTC,359,26,77,10,90,26
2024-07-03 07:55:41 UTC,358,26,77,10,88,26
2024-07-03 07:55:36 UTC,357,26,77,10,92,26
2024-07-03 07:55:30 UTC,356,26,77,10,95,26
2024-07-03 07:55:20 UTC,355,26,77,10,97,26
2024-07-03 07:55:15 UTC,354,26,77,10,96,26
2024-07-03 07:55:10 UTC,353,26,77,10,97,26
2024-07-03 07:55:04 UTC,352,26,77,10,95,26
2024-07-03 07:54:59 UTC,351,26,77,10,89,26
2024-07-03 07:54:54 UTC,350,26,77,10,90,26
2024-07-03 07:54:49 UTC,349,26,77,10,95,26
2024-07-03 07:54:43 UTC,348,26,77,10,91,26
2024-07-03 07:54:38 UTC,347,26,77,10,92,26
2024-07-03 07:54:33 UTC,346,26,77,10,91,26
2024-07-03 07:54:28 UTC,345,26,77,10,93,26
2024-07-03 07:54:23 UTC,344,26,77,10,88,26
2024-07-03 07:54:17 UTC,343,26,77,10,85,26
2024-07-03 07:54:12 UTC,342,26,77,10,82,26
2024-07-03 07:54:07 UTC,341,26,77,10,81,26
2024-07-03 07:54:02 UTC,340,26,77,10,82,26
2024-07-03 07:53:57 UTC,339,26,77,10,85,26
2024-07-03 07:53:51 UTC,338,26,77,10,82,26
2024-07-03 07:53:41 UTC,337,26,77,10,79,26
2024-07-03 07:53:36 UTC,336,26,77,10,75,26
2024-07-03 07:53:31 UTC,335,26,77,10,70,26
2024-07-03 07:53:25 UTC,334,26,77,10,66,26
2024-07-03 07:53:20 UTC,333,26,77,10,62,26
2024-07-03 07:53:15 UTC,332,26,77,10,65,26
2024-07-03 07:53:10 UTC,331,26,77,10,62,26
2024-07-03 07:53:05 UTC,330,26,77,10,57,26
2024-07-03 07:52:59 UTC,329,26,77,10,53,26
2024-07-03 07:52:54 UTC,328,26,77,10,51,26
2024-07-03 07:52:49 UTC,327,26,77,10,47,26
2024-07-03 07:52:44 UTC,326,26,77,10,44,26
2024-07-03 07:52:39 UTC,325,26,77,10,40,26
2024-07-03 07:52:33 UTC,324,26,77,10,41,26
2024-07-03 07:52:28 UTC,323,26,77,10,36,26
2024-07-03 07:52:13 UTC,322,26,77,10,35,26
2024-07-03 07:52:07 UTC,321,26,77,10,34,26
2024-07-03 07:52:02 UTC,320,26,77,10,37,26
2024-07-03 07:51:57 UTC,319,26,77,10,34,26
2024-07-03 07:51:52 UTC,318,26,77,10,35,26
2024-07-03 07:51:47 UTC,317,26,77,10,36,26
2024-07-03 07:51:41 UTC,316,26,77,10,37,26
2024-07-03 07:51:36 UTC,315,26,77,10,38,26
2024-07-03 07:51:31 UTC,314,26,77,10,39,26
2024-07-03 07:51:26 UTC,313,27,77,10,35,26
2024-07-03 07:51:21 UTC,312,27,77,10,36,26
2024-07-03 07:51:15 UTC,311,27,77,10,37,26
2024-07-03 07:51:10 UTC,310,27,77,10,41,26
2024-07-03 07:51:05 UTC,309,27,77,10,43,26
2024-07-03 07:51:00 UTC,308,27,77,10,42,26
2024-07-03 07:50:49 UTC,307,26,77,10,39,26
2024-07-03 07:50:44 UTC,306,26,77,10,38,26
2024-07-03 07:50:39 UTC,305,26,77,10,42,26
2024-07-03 07:50:34 UTC,304,27,77,10,43,26
2024-07-03 07:50:23 UTC,303,26,77,10,43,26
2024-07-03 07:50:18 UTC,302,26,77,10,42,26
2024-07-03 07:50:13 UTC,301,27,77,10,46,26
2024-07-03 07:50:08 UTC,300,26,77,10,48,26
2024-07-03 07:50:02 UTC,299,26,77,10,46,26
2024-07-03 07:49:57 UTC,298,26,77,10,49,26
2024-07-03 07:49:52 UTC,297,27,77,10,52,26
2024-07-03 07:49:47 UTC,296,27,76,10,51,26
2024-07-03 07:49:42 UTC,295,27,76,10,53,26
2024-07-03 07:49:36 UTC,294,27,77,10,57,26
2024-07-03 07:49:31 UTC,293,26,76,10,61,26
2024-07-03 07:49:26 UTC,292,27,76,10,62,26
2024-07-03 07:49:21 UTC,291,27,77,10,60,26
2024-07-03 07:49:16 UTC,290,26,77,10,67,26
2024-07-03 07:49:05 UTC,289,27,77,10,70,26
2024-07-03 07:49:00 UTC,288,27,77,10,72,26
2024-07-03 07:48:55 UTC,287,27,76,10,74,26
2024-07-03 07:48:50 UTC,286,27,76,10,75,26
2024-07-03 07:48:39 UTC,285,27,76,10,77,26
2024-07-03 07:48:34 UTC,284,27,76,10,76,26
2024-07-03 07:48:29 UTC,283,27,76,10,83,26
2024-07-03 07:48:24 UTC,282,27,77,10,80,26
2024-07-03 07:48:18 UTC,281,27,76,10,76,26
2024-07-03 07:48:13 UTC,280,26,77,10,74,26
2024-07-03 07:48:08 UTC,279,27,77,10,69,26
2024-07-03 07:48:03 UTC,278,27,76,10,68,26
2024-07-03 07:47:57 UTC,277,27,76,10,66,26
2024-07-03 07:47:52 UTC,276,26,77,10,60,26
2024-07-03 07:47:47 UTC,275,27,77,10,53,26
2024-07-03 07:47:42 UTC,274,27,77,10,43,26
2024-07-03 07:47:37 UTC,273,27,77,10,31,26
2024-07-03 07:47:31 UTC,272,27,77,10,17,26
2024-07-03 07:47:26 UTC,271,27,77,10,3,26
2024-07-03 07:47:21 UTC,270,27,76,9,96,26
2024-07-03 07:47:16 UTC,269,27,76,9,79,26
2024-07-03 07:47:11 UTC,268,27,76,9,76,26
2024-07-03 07:47:05 UTC,267,27,76,9,73,26
2024-07-03 07:47:00 UTC,266,27,76,9,70,26
2024-07-03 07:46:55 UTC,265,27,76,9,67,26
2024-07-03 07:46:50 UTC,264,27,76,9,57,26
2024-07-03 07:46:45 UTC,263,27,76,9,52,26
2024-07-03 07:46:39 UTC,262,27,76,9,50,26
2024-07-03 07:46:34 UTC,261,27,76,9,49,26
2024-07-03 07:46:29 UTC,260,27,76,9,48,26
2024-07-03 07:46:24 UTC,259,27,76,9,49,26
2024-07-03 07:46:13 UTC,258,27,76,9,48,26
2024-07-03 07:46:08 UTC,257,27,76,9,51,26
2024-07-03 07:46:03 UTC,256,27,76,9,52,26
2024-07-03 07:45:53 UTC,255,27,76,9,53,26
2024-07-03 07:45:42 UTC,254,27,76,9,55,26
2024-07-03 07:45:37 UTC,253,27,76,9,56,26
2024-07-03 07:45:27 UTC,252,27,76,9,58,26
2024-07-03 07:45:21 UTC,251,27,76,9,59,26
2024-07-03 07:45:16 UTC,250,27,76,9,61,26
2024-07-03 07:45:11 UTC,249,27,76,9,62,26
2024-07-03 07:45:06 UTC,248,27,76,9,63,26
2024-07-03 07:45:01 UTC,247,27,76,9,64,26
2024-07-03 07:44:55 UTC,246,27,76,9,66,26
2024-07-03 07:44:45 UTC,245,27,76,9,67,26
2024-07-03 07:44:35 UTC,244,27,76,9,66,26
2024-07-03 07:44:24 UTC,243,27,76,9,61,26
2024-07-03 07:44:19 UTC,242,27,76,9,63,26
2024-07-03 07:44:14 UTC,241,27,76,9,66,26
2024-07-03 07:44:08 UTC,240,27,76,9,62,26
2024-07-03 07:44:03 UTC,239,27,76,9,61,26
2024-07-03 07:43:58 UTC,238,27,76,9,57,26
2024-07-03 07:43:53 UTC,237,27,76,9,52,26
2024-07-03 07:43:48 UTC,236,27,76,9,53,26
2024-07-03 07:43:42 UTC,235,27,76,9,49,26
2024-07-03 07:43:37 UTC,234,27,76,9,46,26
2024-07-03 07:43:32 UTC,233,27,76,9,41,26
2024-07-03 07:43:27 UTC,232,27,76,9,42,26
2024-07-03 07:43:22 UTC,231,27,76,9,47,26
2024-07-03 07:43:11 UTC,230,27,76,9,51,26
2024-07-03 07:43:06 UTC,229,27,76,9,54,26
2024-07-03 07:42:56 UTC,228,27,76,9,49,26
2024-07-03 07:42:50 UTC,227,27,76,9,54,26
2024-07-03 07:42:45 UTC,226,27,76,9,51,26
2024-07-03 07:42:40 UTC,225,27,76,9,54,26
2024-07-03 07:42:35 UTC,224,27,76,9,52,26
2024-07-03 07:42:30 UTC,223,27,76,9,49,26
2024-07-03 07:42:24 UTC,222,27,76,9,54,26
2024-07-03 07:42:14 UTC,221,27,76,9,60,26
2024-07-03 07:42:09 UTC,220,27,76,9,59,26
2024-07-03 07:42:04 UTC,219,27,76,9,58,26
2024-07-03 07:41:58 UTC,218,27,76,9,60,26
2024-07-03 07:41:53 UTC,217,27,76,9,64,26
2024-07-03 07:41:48 UTC,216,27,76,9,65,26
2024-07-03 07:41:43 UTC,215,27,76,9,60,26
2024-07-03 07:41:32 UTC,214,27,76,9,58,26
2024-07-03 07:41:27 UTC,213,27,76,9,60,26
2024-07-03 07:41:17 UTC,212,27,76,9,69,26
2024-07-03 07:41:12 UTC,211,27,76,9,67,26
2024-07-03 07:41:06 UTC,210,27,76,9,60,26
2024-07-03 07:40:56 UTC,209,27,76,9,57,26
2024-07-03 07:40:51 UTC,208,27,76,9,58,26
2024-07-03 07:40:46 UTC,207,27,76,9,57,26
2024-07-03 07:40:40 UTC,206,27,76,9,58,26
2024-07-03 07:40:35 UTC,205,27,76,9,64,26
2024-07-03 07:40:30 UTC,204,27,76,9,65,26
2024-07-03 07:40:20 UTC,203,27,76,9,64,26
2024-07-03 07:40:09 UTC,202,27,76,9,62,26
2024-07-03 07:40:04 UTC,201,27,76,9,61,26
2024-07-03 07:39:54 UTC,200,27,76,9,65,26
2024-07-03 07:39:43 UTC,199,27,76,9,66,26
2024-07-03 07:39:38 UTC,198,27,76,9,64,26
2024-07-03 07:39:33 UTC,197,27,76,9,60,26
2024-07-03 07:39:28 UTC,196,27,76,9,59,26
2024-07-03 07:39:07 UTC,195,27,76,9,57,26
2024-07-03 07:38:56 UTC,194,27,76,9,53,26
2024-07-03 07:38:46 UTC,193,27,76,9,55,26
2024-07-03 07:38:35 UTC,192,27,76,9,53,26
2024-07-03 07:38:30 UTC,191,27,76,9,51,26
2024-07-03 07:38:25 UTC,190,27,76,9,53,26
2024-07-03 07:38:15 UTC,189,27,76,9,56,26
2024-07-03 07:38:09 UTC,188,27,76,9,55,26
2024-07-03 07:38:04 UTC,187,27,76,9,57,26
2024-07-03 07:37:59 UTC,186,27,76,9,54,26
2024-07-03 07:37:54 UTC,185,27,76,9,49,26
2024-07-03 07:37:49 UTC,184,27,76,9,51,26
2024-07-03 07:37:43 UTC,183,27,76,9,56,26
2024-07-03 07:37:38 UTC,182,27,76,9,55,26
2024-07-03 07:37:33 UTC,181,27,76,9,53,26
2024-07-03 07:37:28 UTC,180,27,76,9,51,26
2024-07-03 07:37:23 UTC,179,27,76,9,56,26
2024-07-03 07:37:17 UTC,178,27,76,9,53,26
2024-07-03 07:37:12 UTC,177,27,76,9,60,26
2024-07-03 07:37:07 UTC,176,27,76,9,62,26
2024-07-03 07:37:02 UTC,175,27,76,9,67,26
2024-07-03 07:36:57 UTC,174,27,76,9,70,26
2024-07-03 07:36:51 UTC,173,27,76,9,71,26
2024-07-03 07:36:46 UTC,172,27,76,9,77,26
2024-07-03 07:36:41 UTC,171,27,76,9,80,26
2024-07-03 07:36:36 UTC,170,27,76,9,83,26
2024-07-03 07:36:31 UTC,169,27,76,9,84,26
2024-07-03 07:36:25 UTC,168,27,76,9,88,26
2024-07-03 07:36:14 UTC,167,27,76,9,91,26
2024-07-03 07:36:09 UTC,166,27,76,9,92,26
2024-07-03 07:36:04 UTC,165,27,76,9,94,26
2024-07-03 07:35:53 UTC,164,27,76,9,95,26
2024-07-03 07:35:48 UTC,163,27,76,9,97,26
2024-07-03 07:35:43 UTC,162,27,76,9,95,26
2024-07-03 07:35:38 UTC,161,27,76,9,96,26
2024-07-03 07:35:32 UTC,160,27,76,9,98,26
2024-07-03 07:35:27 UTC,159,27,76,9,97,26
2024-07-03 07:35:22 UTC,158,27,76,9,98,26
2024-07-03 07:35:17 UTC,157,27,76,10,2,26
2024-07-03 07:35:12 UTC,156,27,76,10,7,26
2024-07-03 07:34:56 UTC,155,27,76,10,8,26
2024-07-03 07:34:51 UTC,154,27,76,10,11,26
2024-07-03 07:34:46 UTC,153,27,76,10,9,26
2024-07-03 07:34:40 UTC,152,27,76,10,12,26
2024-07-03 07:34:35 UTC,151,27,76,10,16,26
2024-07-03 07:34:30 UTC,150,27,76,10,17,26
2024-07-03 07:34:25 UTC,149,27,75,10,23,26
2024-07-03 07:34:14 UTC,148,27,76,10,27,26
2024-07-03 07:34:09 UTC,147,27,75,10,29,26
2024-07-03 07:34:04 UTC,146,27,75,10,24,26
2024-07-03 07:33:59 UTC,145,27,75,10,25,26
2024-07-03 07:33:54 UTC,144,27,75,10,19,26
2024-07-03 07:33:48 UTC,143,27,75,10,17,26
2024-07-03 07:33:43 UTC,142,27,75,10,19,26
2024-07-03 07:33:38 UTC,141,27,75,10,16,26
2024-07-03 07:33:33 UTC,140,27,75,10,11,26
2024-07-03 07:33:28 UTC,139,27,75,10,14,26
2024-07-03 07:33:22 UTC,138,27,75,10,16,26
2024-07-03 07:33:17 UTC,137,27,75,10,12,26
2024-07-03 07:33:12 UTC,136,27,75,10,10,26
2024-07-03 07:33:07 UTC,135,27,75,10,11,26
2024-07-03 07:33:02 UTC,134,27,75,10,15,26
2024-07-03 07:32:51 UTC,133,27,75,10,17,26
2024-07-03 07:32:46 UTC,132,27,75,10,20,26
2024-07-03 07:32:41 UTC,131,27,75,10,22,26
2024-07-03 07:32:36 UTC,130,27,75,10,23,26
2024-07-03 07:32:30 UTC,129,27,75,10,33,26
2024-07-03 07:32:25 UTC,128,27,75,10,35,26
2024-07-03 07:32:20 UTC,127,27,75,10,36,26
2024-07-03 07:32:15 UTC,126,27,75,10,40,26
2024-07-03 07:32:09 UTC,125,27,75,10,42,26
2024-07-03 07:32:04 UTC,124,27,75,10,51,26
2024-07-03 07:31:59 UTC,123,27,75,10,58,26
2024-07-03 07:31:54 UTC,122,27,75,10,62,26
2024-07-03 07:31:49 UTC,121,27,75,10,70,26
2024-07-03 07:31:43 UTC,120,27,75,10,73,26
2024-07-03 07:31:38 UTC,119,27,75,10,82,26
2024-07-03 07:31:33 UTC,118,27,75,10,94,26
2024-07-03 07:31:28 UTC,117,27,75,11,2,26
2024-07-03 07:31:23 UTC,116,27,75,11,10,26
2024-07-03 07:31:17 UTC,115,27,75,11,12,26
2024-07-03 07:31:12 UTC,114,27,75,11,14,26
2024-07-03 07:31:07 UTC,113,27,75,11,22,26
2024-07-03 07:31:02 UTC,112,27,75,11,25,26
2024-07-03 07:30:57 UTC,111,27,75,11,24,26
2024-07-03 07:30:51 UTC,110,27,75,11,25,26
2024-07-03 07:30:46 UTC,109,27,75,11,26,26
2024-07-03 07:30:36 UTC,108,27,75,11,32,26
2024-07-03 07:30:31 UTC,107,27,75,11,33,26
2024-07-03 07:30:25 UTC,106,27,75,11,30,26
2024-07-03 07:30:20 UTC,105,27,75,11,29,26
2024-07-03 07:30:15 UTC,104,27,75,11,31,26
2024-07-03 07:30:10 UTC,103,27,75,11,24,26
2024-07-03 07:29:59 UTC,102,27,75,11,23,26
2024-07-03 07:29:54 UTC,101,27,75,11,20,26
2024-07-03 07:29:49 UTC,100,27,75,11,23,26
2024-07-03 07:29:44 UTC,99,27,75,11,21,26
2024-07-03 07:29:38 UTC,98,27,75,11,24,26
2024-07-03 07:29:33 UTC,97,27,75,11,19,26
2024-07-03 07:29:28 UTC,96,27,75,11,21,26
2024-07-03 07:29:23 UTC,95,27,75,11,18,26
2024-07-03 07:29:18 UTC,94,27,75,11,14,26
2024-07-03 07:29:12 UTC,93,27,75,11,10,26
2024-07-03 07:29:07 UTC,92,27,75,11,9,26
2024-07-03 07:29:02 UTC,91,27,75,11,4,26
2024-07-03 07:28:57 UTC,90,27,75,10,94,26
2024-07-03 07:28:52 UTC,89,27,75,10,89,26
2024-07-03 07:28:41 UTC,88,27,75,10,84,26
2024-07-03 07:28:31 UTC,87,27,75,10,86,26
2024-07-03 07:28:26 UTC,86,27,75,10,91,26
2024-07-03 07:28:20 UTC,85,27,75,10,99,26
2024-07-03 07:28:15 UTC,84,27,75,11,9,26
2024-07-03 07:28:10 UTC,83,27,75,11,5,26
2024-07-03 07:28:05 UTC,82,27,75,11,4,26
2024-07-03 07:28:00 UTC,81,27,75,11,7,26
2024-07-03 07:27:54 UTC,80,27,75,11,6,26
2024-07-03 07:27:49 UTC,79,27,75,11,5,26
2024-07-03 07:27:44 UTC,78,27,75,11,6,26
2024-07-03 07:27:39 UTC,77,27,75,11,7,26
2024-07-03 07:27:34 UTC,76,27,75,11,14,26
2024-07-03 07:27:23 UTC,75,27,75,11,12,26
2024-07-03 07:27:18 UTC,74,27,75,11,11,26
2024-07-03 07:27:08 UTC,73,27,75,11,9,26
2024-07-03 07:27:02 UTC,72,27,75,11,0,26
2024-07-03 07:26:57 UTC,71,27,75,10,95,26
2024-07-03 07:26:52 UTC,70,27,75,10,93,26
2024-07-03 07:26:47 UTC,69,27,75,10,95,26
2024-07-03 07:26:41 UTC,68,27,75,10,90,26
2024-07-03 07:26:36 UTC,67,27,75,10,91,26
2024-07-03 07:26:31 UTC,66,27,75,10,94,26
2024-07-03 07:26:26 UTC,65,27,75,11,1,26
2024-07-03 07:26:21 UTC,64,27,75,11,7,26
2024-07-03 07:26:15 UTC,63,27,75,11,9,26
2024-07-03 07:26:10 UTC,62,27,75,11,11,26
2024-07-03 07:26:05 UTC,61,27,75,11,9,26
2024-07-03 07:26:00 UTC,60,27,75,11,10,26
2024-07-03 07:25:55 UTC,59,27,75,11,13,26
2024-07-03 07:25:49 UTC,58,27,75,11,12,26
2024-07-03 07:25:44 UTC,57,27,75,11,18,26
2024-07-03 07:25:39 UTC,56,27,75,11,21,26
2024-07-03 07:25:34 UTC,55,27,75,11,20,26
2024-07-03 07:25:29 UTC,54,27,75,11,21,26
2024-07-03 07:25:23 UTC,53,27,75,11,23,26
2024-07-03 07:25:18 UTC,52,27,75,11,26,26
2024-07-03 07:25:13 UTC,51,27,75,11,25,26
2024-07-03 07:25:08 UTC,50,27,75,11,24,26
2024-07-03 07:25:03 UTC,49,27,75,11,22,26
2024-07-03 07:24:57 UTC,48,27,75,11,18,26
2024-07-03 07:24:52 UTC,47,27,75,11,22,26
2024-07-03 07:24:47 UTC,46,27,74,11,28,26
2024-07-03 07:24:42 UTC,45,27,74,11,29,26
2024-07-03 07:24:37 UTC,44,27,74,11,36,26
2024-07-03 07:24:31 UTC,43,27,74,11,46,26
2024-07-03 07:24:26 UTC,42,27,74,11,53,26
2024-07-03 07:24:21 UTC,41,27,74,11,60,26
2024-07-03 07:24:16 UTC,40,27,74,11,75,26
2024-07-03 07:24:11 UTC,39,27,74,11,88,26
2024-07-03 07:24:05 UTC,38,27,73,12,10,26
2024-07-03 07:24:00 UTC,37,28,73,12,29,26
2024-07-03 07:23:55 UTC,36,28,73,12,53,26
2024-07-03 07:23:50 UTC,35,28,73,12,81,26
2024-07-03 07:23:45 UTC,34,28,75,13,11,26
2024-07-03 07:23:39 UTC,33,29,76,13,29,26
2024-07-03 07:23:34 UTC,32,29,76,13,80,26
2024-07-03 07:23:29 UTC,31,29,77,14,78,26
2024-07-03 07:23:24 UTC,30,29,77,15,61,26
2024-07-03 07:23:19 UTC,29,28,78,16,18,26
2024-07-03 07:23:13 UTC,28,28,77,16,53,26
2024-07-03 07:23:08 UTC,27,27,76,17,35,26
2024-07-03 07:23:03 UTC,26,27,76,18,30,26
2024-07-03 07:22:58 UTC,25,27,78,21,1,26
2024-07-03 07:22:52 UTC,24,27,81,21,0,26
2024-07-03 07:22:47 UTC,23,27,86,20,23,26
2024-07-03 07:22:42 UTC,22,27,87,17,20,26
2024-07-03 07:22:37 UTC,21,28,77,10,85,26
2024-07-03 07:22:32 UTC,20,27,75,10,94,26
2024-07-03 07:22:16 UTC,19,27,75,11,3,26
2024-07-03 07:22:11 UTC,18,27,75,11,0,26
2024-07-03 07:22:00 UTC,17,27,75,11,5,26
2024-07-03 07:21:55 UTC,16,27,75,11,4,26
2024-07-03 07:21:50 UTC,15,27,75,11,0,26
2024-07-03 07:21:45 UTC,14,27,75,10,96,26
2024-07-03 07:21:40 UTC,13,27,75,10,91,26
2024-07-03 07:21:34 UTC,12,27,75,10,86,26
2024-07-03 07:21:29 UTC,11,27,75,10,83,26
2024-07-03 07:21:24 UTC,10,27,75,10,68,26
2024-07-03 07:21:19 UTC,9,27,75,10,50,26
2024-07-03 07:21:14 UTC,8,27,75,10,37,26
2024-07-03 07:21:08 UTC,7,27,75,10,27,26
2024-07-03 07:21:03 UTC,6,27,75,10,26,26
2024-07-03 07:20:58 UTC,5,27,75,10,27,26
2024-07-03 07:20:42 UTC,4,27,75,10,23,26
2024-07-03 07:20:37 UTC,3,27,75,10,29,26
2024-07-03 07:20:32 UTC,2,27,74,10,36,26
2024-07-03 07:20:27 UTC,1,27,74,10,44,26
